Site,Easting,Northing,Company, Emissions ,Large?
Port Talbot Power Station,277150,188450,Tata Steel Ltd,7184103.787,Large
Fawley Refinery,445750,103650,Esso Petroleum Co Ltd,644722.7509,Large
Stanlow Refinery,343950,375950,Essar Oil UK Ltd,554957.3999,Large
Scunthorpe Power Station,491360,410920,British Steel Ltd,537767.9246,Large
South Killingholme,515670,416600,ConocoPhillips Ltd,528217.9159,Large
Carrington CCGT,373287,393037,Carrington Power Ltd,464982.5487,Large
Pembroke Refinery,190849,202931,Valero Energy,431777.1158,Large
Scunthorpe Blast Furnaces,491624,410272,British Steel Ltd,342981.6913,Large
Lindsey Oil Refinery,515200,417300,Total Lindsey Oil Refinery Ltd,320950.0662,Large
Hope Cement Works,416575,382316,Hope Construction Materials Ltd,302091.9278,Large
Port Talbot BFG Flaring,277270,187990,Tata Steel Ltd,298623.431,Large
Port Talbot Blast Furnaces,277090,188030,Tata Steel Ltd,281422.106,Large
New Rugby,448700,275600,CEMEX UK Cement Ltd,280723.5392,Large
Port Talbot Sinter,276520,188020,Tata Steel Ltd,261612.5918,Large
Grangemouth Refinery,294400,681200,Ineos Manufacturing Scotland Ltd,211309.6874,Large
Ketton,498400,305300,Castle Cement Ltd,199716.6012,Large
Scunthorpe Sinter,492050,409660,British Steel Ltd,193985.5512,Large
Billingham,447210,522410,Terra Nitrogen (UK) Ltd,192000,Large
Fife Ethylene Plant,318300,689500,ExxonMobil Chemical,187334.5039,Large
Tunstead Cement,409629,375547,Tarmac Cement & Lime Ltd,175229.5145,Large
Port Talbot Morfa Coke Ovens,277070,185800,Tata Steel Ltd,170101.7098,Large
Grangemouth Olefins,294400,681200,Ineos Manufacturing Scotland Ltd,164159.1713,Large
Fawley Refinery,445563,103615,Esso Petroleum Co Ltd,160870.5702,Large
Cauldon Cement,408491,349613,Lafarge Cauldon Ltd,154977.8208,Large
Grangemouth Power Station,294400,681200,Ineos Manufacturing Scotland Ltd,153723.6192,Large
Ribblesdale,375200,443700,Castle Cement Ltd,148579.1686,Large
Padeswood,329100,362200,Castle Cement Ltd,145878.5564,Large
Grangemouth CHP,294400,681200,Grangemouth CHP Ltd,140079.1234,Large
Dunbar Works,370700,676307,Blue Circle Industries,125159.8349,Large
Ince,347295,376508,Kemira Growhow UK Ltd,123458.0181,Large
Runcorn EfW Facility,349840,381620,Viridor Waste Management Ltd,115677.0969,Large
Whitwell,453500,375400,Steetley Dolomite Ltd,108927.0148,Large
Wilton,456800,522000,SembCorp Utilities (UK) Ltd,103451.4038,Large
Winnington Sodium Carbonate Manufacturing Site,364343,374639,Winnington CHP Ltd,99650.02313,Large
Belvedere,549690,180670,Riverside Resource Recovery Ltd,94519.76676,Large
Aberthaw,303310,167550,Blue Circle Industries Plc,94428.13384,Large
Kemsley Mill CHP,591848,166167,E.ON UK CHP Ltd,89015.66086,Large
Scunthorpe Rolling Mill Furnaces,491350,411210,British Steel Ltd,88980.32093,Large
Cookstown,92327,535299,Lafarge Ireland Ltd,85570.0081,Large
Wissington,566450,297150,British Sugar Plc,84847.56218,Large
Billingham,447800,522200,Sita Holdings (UK) Ltd,81792.40578,Large
Saltend,516265,428187,Ineos Acetyls UK Ltd,80273.34364,Large
Port Talbot Rolling Mill Furnaces,277990,187050,Tata Steel Ltd,77282.88253,Large
Scunthorpe BFG Flaring,491600,410570,British Steel Ltd,76844.62731,Large
Tunstead Lime,409629,375547,Tarmac Cement & Lime Ltd,75787.44824,Large
Melton Ross,508390,411310,Singleton Birch Ltd,71915.34579,Large
Kemsley Generating Station,592116,166550,K3 CHP Operations Ltd,63694.96764,Large
Edmonton,535800,192600,London Waste Ltd,62366.0519,Large
Teesside Hydrogen Plant,450894,523490,BOC Ltd,60637.89215,Large
Bury St Edmunds,586430,265310,British Sugar Plc,59256.51465,Large
Grimsby,521800,414700,Millennium Inorganic Chemicals Ltd,59192.34818,Large
Allington Quarry,573800,157800,Kent Enviropower Ltd,57126.93159,Large
Wilton 11 EfW Plant,456800,522000,Suez Recycling & Recovery UK Ltd,55485.55136,Large
SELCHP,535830,177990,South East London Combined Heat & Power Ltd,52501.36164,Large
Ince,345700,376300,Quinn Glass Ltd,52205.53337,Large
Buxton,408700,369100,Lhoist UK Ltd,51539.05806,Large
Shap,357060,513490,Corus UK Ltd,49826.75425,Medium
South Hook LNG Terminal,193600,205600,South Hook LNG Terminal,49789.52528,Medium
Cassel Works,446683,522000,Lucite International UK Ltd,49727.23158,Medium
Saddlebow Paper Mill,561410,317180,Palm Paper Ltd,49456.64712,Medium
Severnside Energy Recovery Centre,354770,181320,Suez Recycling & Recovery UK Ltd,48562.9826,Medium
Stallingborough,521800,414850,Millennium Inorganic Chemicals Ltd,48440.18182,Medium
Hindlow Quarry,409681,367937,Tarmac Cement & Lime Ltd,48402.77853,Medium
Colnbrook,503800,177300,Lakeside Energy From Waste Ltd,47584.85709,Medium
Partington Papermill,372814,392395,SAICA Containerboard UK Ltd,46827.39682,Medium
Cardiff EfW Facility,320220,175490,Viridor Waste Management Ltd,45789.082,Medium
Tyseley,410850,284510,Tyseley Waste Disposal Ltd,45397.52708,Medium
Greatham,451350,526540,Tioxide Europe Ltd,44797.63636,Medium
Trafford Park,378200,397800,Cargill Plc,42193.4055,Medium
Chirk,328600,338600,Kronospan Ltd,41517.65535,Medium
Port of Liverpool CHP,333250,395550,E.ON UK CHP Ltd,41240.40374,Medium
Four Ashes Energy Recovery Facility,392350,308340,Veolia ES Staffordshire Ltd,40985.8654,Medium
Ardley Landfill,454040,226340,Viridor Waste Management Ltd,40330.23472,Medium
Barry,314046,168863,Dow Corning Ltd,39849.54483,Medium
Barnsley,437380,408450,Rockware Glass Ltd,39697.47983,Medium
Dunbar ERF,371200,675900,Viridor Waste Management Ltd,38739.71243,Medium
Beddington Energy Recovery Facility,529310,167260,VIRIDOR WASTE MANAGEMENT LTD,38710.38438,Medium
Greengate,350800,394200,Pilkington UK Ltd,38481.77506,Medium
Cowdenbeath,318632,689985,Shell UK Exploration & Production,36773.40638,Medium
Greatmoor EfW,470300,222400,Fcc Recycling (UK) Ltd,36667.43339,Medium
Lostock Soda Ash Manufacture,368657,374637,Tata Chemicals Europe Ltd,36093.77497,Medium
Coventry,434700,277670,Coventry & Solihull Waste Disposal Co Ltd,35687.85683,Medium
Ipswich,612300,249600,SITA Suffolk Ltd,35261.49133,Medium
Allerton Waste Recovery Park,440620,459920,AmeyCespa Ltd,34734.52001,Medium
Severn Road EfW Facility,353756,181818,Viridor Waste Management Ltd,34488.68873,Medium
Alloa,288120,692374,O-I Manufacturing UK Ltd,32826.0311,Medium
Wheatley,460610,406530,Rockware Glass Ltd,31484.19911,Medium
Port Talbot Oxygen Furnaces,277315,186820,Tata Steel Ltd,30022.46806,Medium
Cornwall Energy Recovery Centre,194520,56970,Suez Recycling & Recovery UK Ltd,29894.67902,Medium
Devonport EfW CHP Facility,244700,57400,Mvv Environment Devonport Ltd,29387.53866,Medium
Dalry,229300,650500,DSM Nutritional,29010.43938,Medium
Maydown Works,65311,583384,A & AT UK Ltd,27764.74728,Medium
Sheffield,436700,387700,Onyx Sheffield Ltd,27616.17499,Medium
Newhaven EfW Plant,544500,102300,Veolia ES South Downs Ltd,27532.2562,Medium
Mercia Envirecover Site,385960,269840,Severn Waste Services Ltd,26147.59614,Medium
Newark,479170,355190,British Sugar Plc,25673.85716,Medium
Southampton,439600,111100,Onyx Hampshire Ltd,25304.53876,Medium
Portsmouth,466700,102900,Onyx Hampshire Ltd,24336.93333,Medium
Leeds RERF,432810,432440,Veolia ES Leeds Ltd,24208.63673,Medium
South Wirral,342000,376000,Cleanaway Ltd,24195.19391,Medium
Great Coates,522237,408540,Cofely Industrial Energy Services Ltd,24069.17935,Medium
Silvertown,542250,180250,T&L Sugars Ltd,23700.4307,Medium
Scunthorpe Appleby Coke Ovens,491655,410975,British Steel Ltd,23307.35377,Medium
Cantley,638180,303640,British Sugar Plc,23210.61835,Medium
Javelin Park Energy Recovery Facility,379883,210468,Urbaser Environmental Ltd,23124.22214,Medium
Bridgend,296300,184000,Rockwool Ltd,22982.10326,Medium
Eastcroft,458210,339080,Wastenotts (Reclamation) Ltd,22491.56635,Medium
Stoke-On-Trent,387830,343410,MES Environmental Ltd,22345.37353,Medium
East Leake Gypsum Works,455503,328085,BPB United Kingdom Ltd,21946.34732,Medium
Dragon LNG Terminal,193850,205850,Dragon LNG Ltd,21124.45311,Medium
Nechells,409350,288650,Smurfit Kappa UK Ltd,21041.25045,Medium
Smurfitt Kappa Townsend Hook,570760,161780,Smurfitt Kappa UK Ltd,20871.32229,Medium
Derrylin,36251,486902,Quinn Glass Ltd,20732.82322,Medium
Lincolnshire EfW Facility,493950,367850,FCC Environment (Lincolnshire) Ltd,20716.45415,Medium
Wigton,325400,548600,Innovia Films Ltd,20686.73984,Medium
Isle of Grain LNG Installation,586277,175524,National Grid Grain LNG Ltd,20080.19006,Medium
Whittlesey,524700,297200,Hanson Building Products Ltd,19886.2142,Medium
Cowie,283860,688550,Norbord Europe Ltd,19730.04721,Medium
Portbury,350700,176800,Lafarge Plasterboard Ltd,19507.50652,Medium
Dundee,344628,732731,Dundee Waste Recycling Ltd,19423.80004,Medium
Eggborough,456928,423529,Saint-Gobain Glass (United Kingdom) Ltd,19380.003,Medium
Millerhill Recycling & Energy Recovery Centre,332240,670755,FCC Waste Services (UK) Limited,19284.60125,Medium
Knottingley,449370,423360,Rockware Glass Ltd,18844.20213,Medium
Irvine,232000,639000,Rockware Glass Ltd,18819.28513,Medium
Girvan Distillery,220250,599750,William Grant & Sons Distillers Ltd,18676.28558,Medium
Erith,550500,179300,Archer Daniels Midland Erith Ltd,18362.42499,Medium
Selby,462515,431817,Sedalcol UK Ltd,18311.97844,Medium
Teesside Beam Mill,454200,522000,British Steel Ltd,18098.93123,Medium
Leeds,431000,432400,Allied Glass Containers Ltd,17874.14683,Medium
Lochaber Smelter,212630,775039,Liberty Aluminium Lochaber Ltd,16742.45455,Medium
Lochaber,212630,775039,Alcan Primary Metal - Europe,16742.19964,Medium
Solihull,414900,282100,Jaguar Land Rover Ltd,16707.60101,Medium
Newton Aycliffe,426630,523721,INEOS ChlorVinyls Ltd,16554.84073,Medium
Huddersfield,414790,417780,Sita (Kirkless) Ltd,16245.05777,Medium
Goole,472200,423000,Guardian Industries UK Ltd,16164.9157,Medium
Low Moor,416188,428368,Solenis UK Industries Ltd,16068.7807,Medium
Leicester Brickworks,441590,311340,Ibstock Brick Ltd,15831.52302,Medium
Hythe,443205,105728,Shanks Chemical Services Ltd,15695.28044,Medium
Grangemouth,295570,680280,Polimeri Europa UK Ltd,15510.1531,Medium
Middlewich Site,371500,364700,British Salt Ltd,15486.08178,Medium
Spalding Energy Expansion,525941,324961,Spalding Energy Expansion Ltd,15479.98455,Medium
Knottingley,450730,423880,Allied Glass Containers Ltd,15431.65751,Medium
Wilton Bioethanol Plant,456950,520550,Ensus UK Ltd,15353.57048,Medium
Shotton,331400,369500,Tata Steel UK Limited,15130.36364,Medium
Sittingbourne,591950,167830,Knauf (UK) GmbH,14676.81082,Medium
Macclesfield,392500,375150,AstraZeneca UK Ltd,14437.67499,Medium
Immingham,519800,414900,Knauf UK GmbH,14399.66617,Medium
Huddersfield,416400,418700,Syngenta Ltd,14199.5043,Medium
Milton Keynes Waste Recovery Park,481106,241698,AmeyCespa Limited,14100.41268,Medium
Warrington,359950,386150,Solvay Interox Ltd,13778.4581,Medium
D200 Energy Centre,454490,336560,D200 Energy Ltd,13695.53705,Medium
Wolverhampton,391600,299900,MES Environmental Ltd,13535.47234,Medium
Rotherham,442601,393358,Beatson Clark Plc,13456.22053,Medium
"Sinfin, Derby",436030,331790,Rolls-Royce Plc,13340.71539,Medium
Leeds Generation Station Complex,429512,434722,Engie Services Ltd,13273.1378,Medium
Tremorfa Sections Mill,320354,175955,Celsa Manufacturing (UK) Ltd,13155.31606,Medium
Banbury,445282,241541,Jacobs Douwe Egberts OPS GB Ltd,13144.8438,Medium
Tremorfa 2,321200,176300,Celsa Manufacturing (UK) Ltd,13131.55592,Medium
Brighouse Bay,264500,545900,BGE (UK) Ltd,12927.6175,Medium
Chineham,467230,155200,Onyx Hampshire Ltd,12920.47094,Medium
Prudhoe Mill,409500,563800,SCA Hygiene Products UK Ltd,12853.01297,Medium
St Fergus North Sea Gas Terminal,409200,853610,National Grid Gas Plc,12832.3003,Medium
Scunthorpe Oxygen Furnaces,492990,408610,British Steel Ltd,12350.30057,Medium
Latchford Locks Works,363730,387391,Novelis UK Ltd,12249.32226,Medium
Hythe,443550,104550,ExxonMobil Chemical Ltd,12225.29348,Medium
Newport,333410,185810,Solutia UK Ltd,12116.15095,Medium
Bones Lane Factory,397358,350549,Advanced Proteins Unlimited,12056.52404,Medium
Battlefield EfW,350980,316180,Veolia ES Shropshire Ltd,11987.93243,Medium
Glasgow Recycling & Renewable Energy Centre,259560,662340,Viridor Waste Management Ltd,11968.15227,Medium
Portsmouth Naval Base,463600,100800,BAE Systems Surface Ships Ltd,11923.91913,Medium
Stoneywood Mill,389789,810831,Arjowiggins Scotland Ltd,11887.57978,Medium
Blackburn Paper Mill CHP,364610,424750,ScottishPower Generation Ltd,11861.15981,Medium
"Llanelli, Carmarthenshire",252732,199387,"Tata Steel, Trostre Tin",11753.49502,Medium
Dudley,394560,289100,MES Environmental Ltd,11746.57522,Medium
Glenfiddich Distillery,332640,840886,William Grant & Sons Distillers Ltd,11366.52823,Medium
Beattock,308830,599590,BGE (UK) Ltd,11350.57992,Medium
Speke,343664,384539,Elanco UK AH Ltd,11256.8914,Medium
Southbank Works,359700,388100,PQ Silicas UK Ltd,11190.19153,Medium
Sunderland,434200,558500,Nissan Motor Manufacturing (UK) Ltd,11174.13289,Medium
Workington Mill,300475,531230,Iggesund Paperboard (Workington) Ltd,11156.15779,Medium
Great Heck,459700,421500,Plasmor Ltd,11135.45645,Medium
Eastham,337100,379800,Eastham Refinery Ltd,10865.81245,Medium
Cowley,455490,204370,BMW (UK) Manufacturing Ltd,10768.33259,Medium
Sherburn Gypsum Works,451000,434400,BPB United Kingdom Ltd,10608.49661,Medium
Measham,433500,310500,Hanson Building Products Ltd,10519.59206,Medium
Purfleet,556870,177550,Pura Foods Ltd,10490.5596,Medium
Edgbaston,404796,283448,The University of Birmingham,10451.2429,Medium
Aberdeen Compressor Station,376790,805350,National Grid Gas Plc,10329.94277,Medium
Electrical Engineering Building,526500,179500,"Imperial College of Science, Technology and Medicine",10325.59024,Medium
Kirkby Thore Gypsum Works,364500,526700,BPB United Kingdom Ltd,10276.8759,Medium
Bridgend Paper Mill,287800,187330,Northwood & Wepa Ltd,10218.18223,Medium
Skinningrove,470810,519698,British Steel Ltd,10198.53998,Medium
Springfield,346390,431550,Springfields Fuels Ltd,10134.88455,Medium
Robertsbridge Gypsum Works,572400,119700,BPB United Kingdom Ltd,10113.8616,Medium
Seal Sands,451760,524080,Enron Power Operations Ltd,10097.91614,Medium
Wigan,354700,406300,H J Heinz,10033.26104,Medium
Ribblesdale,374830,443640,Johnson Matthey Plc,9960,Small
Desford,445500,306500,Hanson Building Products Ltd,9916.082457,Small
Barrow Mill,319660,472720,Kimberly-Clark Ltd,9900.385437,Small
Llanwern Steelworks,335100,186500,Tata Steel UK Limited,9880.458136,Small
Bolton,372800,407500,Greater Manchester Waste Ltd,9841.473535,Small
Peterborough EfW Facility,521680,298990,Viridor Peterborough Ltd,9799.876901,Small
Cameronbridge Distillery,334600,700000,Diageo Scotland Ltd,9795.204614,Small
Burneside Mills,350600,495880,James Cropper Plc,9607.511305,Small
Knottingley,450200,423600,Stolzle Flaconnage Ltd,9585.362673,Small
Hatton Compressor Station,517524,376221,National Grid Gas Plc,9524.815735,Small
Alba Proteins,350086,529648,Omega Proteins Ltd,9510.639175,Small
Queensferry,332540,367780,Knauf Insulation Ltd,9507.986108,Small
Scarborough,504900,483600,McCain Foods (GB) Ltd,9447.008525,Small
Liverpool,335770,390460,University of Liverpool Energy Co Ltd,9442.719464,Small
Watson Street,350850,394890,Pilkington Plc,9412.842439,Small
Sheffield,440400,389180,Outokumpu Stainless Ltd,9231.06537,Small
Burton Latimer,488913,274853,Weetabix Ltd,9085.076945,Small
Dorket Head Brickworks,459200,347620,Ibstock Brick Ltd,9080.245833,Small
Leeds Generating Station Complex,429500,434150,ENGIE Services Ltd,9022.854545,Small
Stoke Bardolph,463760,341580,Chettles Ltd,9015.390199,Small
St Helens,350100,394500,Knauf Insulation Ltd,8893.454757,Small
Whittelsey,523800,297400,McCain Foods (GB) Ltd,8818.225361,Small
Hindley Green,363843,402343,Electric Glass Fiber UK Ltd,8742.203242,Small
Nestle York,460500,453800,NestlÃ© UK Ltd,8735.143606,Small
Leicester,456277,308055,Walkers Snack Foods Ltd,8701.451231,Small
Tweed Valley Maltings,398724,651978,Simpsons Malt Ltd,8581.995338,Small
Harlow,546000,211800,United Glass Ltd,8555.382837,Small
Liberty Speciality Steels - Rotherham,445073,395125,Speciality Steel UK Ltd,8443.006909,Small
Waresley Factory,385450,270100,Wienerberger Ltd,8372.42247,Small
Coventry,429919,275840,The University of Warwick,8309.12751,Small
Bacton,633030,334350,Interconnector (UK) Ltd,8271.829658,Small
North British Distillery,322824,672552,North British Distillery Co Ltd,8267.142254,Small
AH Marks Bradford CHP,416200,427200,E.ON UK Cogeneration Ltd,8186.930741,Small
Aberdeen,391700,807070,Aberdeen Royal Infirmary,8177.109431,Small
Irvine,234400,636700,Smithkline Beecham Ltd,8124.64911,Small
Royal Liverpool University Hospital,335960,390730,Dalkia Utilities Services,8092.512976,Small
Lancing,517400,103900,Enviropower Ltd,8087.159655,Small
Glenochil,285080,696020,Kerry Ingredients (UK) Ltd,8053.846222,Small
Bridgnorth,372600,292300,Bridgnorth Aluminium Ltd,8043.23706,Small
Manchester,384600,396800,The University of Manchester,7876.07256,Small
Aldermaston,459800,163000,AWE Plc,7821.861586,Small
Bury St Edmunds Maltings,585993,265121,Pauls Malt Ltd,7800.847721,Small
Overton Mill,451736,150947,Portals De La Rue Ltd,7800.080392,Small
Pont-y-felin,330281,195903,Knauf Insulation Ltd,7731.089798,Small
Seal Sands High Temparature Incinerator,453340,524310,Fine Environmental Services Ltd,7695.722599,Small
The Royal Victoria Infirmary,424500,564900,Dalkia Utilities Services,7686.1725,Small
Tissue and Towel Plant,378750,397810,SCA Hygiene Products Manchester Ltd,7638.524553,Small
Darley Dale,426070,362310,HJ Enthoven & Sons Ltd,7625.181818,Small
North Tees Aromatics,452692,523080,Huntsman Petrochemicals (UK) Ltd,7597.909091,Small
Port Talbot COG Flaring,277110,185810,Tata Steel Ltd,7586.174071,Small
Creyke Beck Peaking Plant,503552,434185,Creyke Beck Power Ltd,7558.686319,Small
Royal Forest Factory,357337,209938,Lucozade Ribena Suntory Ltd,7507.085915,Small
North Tees Site,452570,522980,Sabic UK Petrochemicals Ltd,7500,Small
Gateshead,424910,558960,Armstrong World Industries Ltd,7407.272727,Small
Spondon Power Station,439557,335002,UK Power Reserve Ltd,7297.888118,Small
Leicester,462500,307800,LPC Group Plc,7264.374736,Small
Par Harbour,207600,53300,Imerys Minerals Ltd,7233.997055,Small
Kitts Green,414700,287500,Alcoa Manufacturing (GB) Ltd,7233.526928,Small
Exeter EfW,292610,90490,Cyclerval (UK) Ltd,7217.499783,Small
Grimsby,524700,411340,Novartis Grimsby Ltd,7103.736371,Small
Broughton,334680,364290,Airbus UK Ltd,7076.172554,Small
Halewood,344800,383700,Jaguar Cars Ltd,7049.679805,Small
Kirton,468500,367500,Hanson Building Products Ltd,7039.182215,Small
Bathgate 2 Compressor Station,291480,671040,National Grid Gas Plc,6953.463884,Small
Tawd Mill,349125,404110,Essity UK Ltd,6931.574875,Small
Manchester,379040,395650,Kellogg Co of Great Britain Ltd,6919.513748,Small
Ferrybridge,447940,425500,Lafarge Plasterboard Ltd,6912.424325,Small
Barrow Works,459400,316600,BPB United Kingdom Ltd,6859.45593,Small
Britvic Energy Centre,449920,277390,E.on Connecting Energies Ltd,6835.625493,Small
Lydney,363200,202300,Glatfelter UK Ltd,6813.013598,Small
Peterborough Compressor Station,515180,304540,National Grid Gas Plc,6780.058792,Small
Kellogg Trafford Park,379000,395600,Elyo Industrial Ltd,6640.315211,Small
Queens Medical Centre (NUH) CHP Plant,454810,338760,E.On Connecting Energies Ltd,6618.77373,Small
Market Drayton Dairy,365397,333408,Muller UK & Ireland Group LLP,6597.648251,Small
Wilton Teraphalic Acid/Melinar Plant,457300,521270,Lotte Chemical UK Ltd,6556.186364,Small
NestlÃ© Tutbury,421660,329650,NestlÃ© UK Ltd,6537.412178,Small
Heathrow Airport,507400,176700,Heathrow Airport Ltd,6529.170914,Small
Broomfleet Works,485970,427430,Wienerberger Ltd,6520.489816,Small
Bromborough,334950,383590,Cereal Partners UK,6506.85393,Small
Seal Sands Biodiesel Processing Plant,453600,524500,Greenergy Biofuels Teesside Ltd,6459.081466,Small
Southampton General Hospital,439600,114900,Southampton University Hospitals NHS Trust,6426.165783,Small
St Georges Hospital,526925,171325,St Georges Healthcare NHS Trust,6425.658191,Small
Newport,454717,84542,Glasshouse Generation Ltd,6380.341724,Small
Grangemouth,291649,681450,Dalkia Plc,6279.730909,Small
Auchinleck,254723,621869,Egger (UK) Ltd,6261.048843,Small
Speke,341020,383610,Prinovis Liverpool Ltd,6251.391693,Small
Northfleet Mill,562700,174400,Kimberly Clark,6245.837127,Small
Accrington,376520,430300,Hanson Building Products Ltd,6216.021889,Small
Grimsby,522800,413800,Newlincs Development Ltd,6205.758383,Small
Newton Aycliffe,426810,523880,Ineos Compounds Aycliffe Ltd,6199.090909,Small
Warnham Brickworks,517000,134000,Wienerberger Ltd,6170.078086,Small
RF Brookes Rogerstone Park,325300,189500,Solway Foods Ltd,6153.853415,Small
Oakenholt Paper Mill,326270,371650,SCA Hygiene Products UK Ltd,6102.58176,Small
Middlesbrough,452320,524640,Laporte Industries Ltd,6097.620747,Small
King George Dock,514215,429174,AAK International,6087.101793,Small
Burnaston,442910,333070,Toyota Motor Manufacturing (UK) Ltd,6082.544815,Small
Gateshead,423600,562000,Spartan UK Ltd,6079.952632,Small
Bradford,416912,431517,Kemira Chemicals (UK) Ltd,6025.483917,Small
Europa Nursery Energy Centre,629750,158900,P3P Energy Management Ltd,6025.185706,Small
Arla Foods Westbury,385590,152136,Arla Foods Ltd,5989.175285,Small
Runcorn,350300,380700,Ineos Chlor Ltd,5971.423863,Small
Castle Works,319700,175200,Celsa Manufacturing (UK) Ltd,5960.426013,Small
Grangemouth,291600,681400,Kemfine Ltd,5874.519938,Small
Arreton Valley Nurseries,454717,84542,Harvest Generation Services Ltd,5858.718717,Small
Wisbech,546503,308463,Lamb Weston/Meijer UK Ltd,5851.132094,Small
Throckley Brickworks,415620,567410,Ibstock Brick Ltd,5834.828146,Small
Cattybrook Brickworks,358932,182603,Ibstock Brick Ltd,5820.78201,Small
St. Thomas' Hospital,530600,179300,Guys & St Thomas'  Hospital NHS Trust,5769.775107,Small
Ninewells Hospital,339000,730380,NHS Tayside,5767.104295,Small
Luton,510600,220800,IBC Vehicles Ltd,5745.136279,Small
Stirling,280558,692780,Superglass Insulation Ltd,5738.650443,Small
"Westfield Industrial Park, Swansea",260723,196409,Viridis 178 Swansea Power Plant,5726.727273,Small
Llanelli,255480,198770,Huntsman Corporation UK Ltd,5709.545455,Small
Heartlands Power,412300,290500,Rolls Royce Power Development Ltd,5667.96912,Small
Baglan,273810,193160,Sofidel UK Ltd,5659.184111,Small
Stratford CHP Energy Centre,538747,184829,Cofely East London Energy,5659.033492,Small
Port Sunlight,334588,384588,Lever Faberge,5647.296098,Small
Wilton Olefins 6,458600,520990,Huntsman Petrochemicals (UK) Ltd,5640.289435,Small
Stourton,433150,429840,Arla Foods Ltd,5606.454545,Small
Carrington,374500,392610,Basell Polyolefins UK Ltd,5578.19247,Small
Waterhouse Mills,349700,479800,Billerud Beetham Ltd,5562.286525,Small
Stevenage,523800,222500,GlaxoSmithKline Plc,5556.278596,Small
Newcastle Upon Tyne,426450,572170,Entek International Ltd,5543.181818,Small
Romiley,394750,390350,Preston Board & Packaging,5534.583715,Small
Great Ryburgh Maltings,595640,327360,Crisp Malting Group Ltd,5522.727273,Small
Mostyn,316006,380579,Warwick International Ltd,5516.476664,Small
Hartlebury Factory,385120,270810,Wienerberger Ltd,5513.577049,Small
Daldowie Fuel Plant,267200,662100,SMW Ltd,5500.283067,Small
John Anderson Campus DEN,259731,665773,University of Strathclyde,5474.900375,Small
Liberty Speciality Steels - Stocksbridge,427168,398653,Speciality Steel UK Ltd,5457.818182,Small
Duns,385400,656150,Ahlstrom Chirnside Ltd,5438.737669,Small
Parkhouse Brickworks,383870,350430,Ibstock Brick Ltd,5434.098736,Small
Freeman Hospital,426100,567600,Dalkia Utilities Services,5426.037363,Small
Artigarvan Site,53104,564621,LacPatrick Dairies (NI) Ltd,5404.950131,Small
Stonehouse,380059,205975,Muller UK & Ireland Group LLP,5403.713078,Small
Stubbins Mill,379100,417900,SCA Hygiene Products UK Ltd,5389.65195,Small
Howley Park,426100,425700,Hanson Building Products Ltd,5366.165667,Small
Glasgow,259802,663949,Chivas Brothers Ltd,5365.871324,Small
Levenshulme,387930,393140,United Biscuits UK Ltd,5356.636364,Small
Magor Brewery,341600,187600,Interbrew UK Ltd,5354.924528,Small
RAF Fylingdales,486330,496750,T G Power Ltd,5322.039521,Small
Kings College Hospital,532587,176187,Dalkia Utility Services,5321.550106,Small
Skelmersdale,349494,403721,Pimbo Generation Ltd,5298.061192,Small
South Glasgow Hospitals,253350,665670,Greater Glasgow & Clyde NHS Health Board,5295.713692,Small
Newport,333270,185120,Mir Steel UK Ltd,5240.126018,Small
Royal Free Hospital,527297,185410,Royal Free Hampstead NHS Trust,5239.116466,Small
The University of Leicester,459412,303044,Leicester District Energy Company Ltd,5190.664699,Small
Loughborough,452400,319350,Loughborough University,5150.634355,Small
Corby Tubeworks,490860,289140,Tata Steel UK Ltd,5140.409493,Small
Holbrook Community Renewable Energy Centre,444520,381670,Equitix ESI CHP (SHEFF) Ltd,5127.272727,Small
John Radcliffe Hospital,453900,207600,Oxford Radcliffe Hospitals NHS Trust,5106.254984,Small
Kings Yard CHP Energy Centre,537571,184555,Cofely East London Energy,5092.674761,Small
Four Ashes,391500,309200,Schenectady Europe Ltd,5086.510124,Small
Chadderton,389165,403560,Chadderton Generation Ltd,5085.055233,Small
Freshfield Lane,538600,126100,Freshfield Lane Brickworks Ltd,5078.580232,Small
Leslie,324821,701355,Fourstones Paper Mill Co Ltd,5075.760305,Small
Seal Sands Power Station,452694,524742,RWE Generation UK plc,5062.954726,Small
Denton Brickworks,391400,394800,Wienerberger Ltd,5049.534595,Small
Staverton,385783,160943,Cereal Partners UK,5042.310821,Small
Ravenhead Brickworks,350850,404770,Ibstock Brick Ltd,5009.903302,Small
Dungannon,93213,521509,Moy Park Ltd,5008.627268,Small
Ashford Power,580741,172834,Ashford Power Ltd,4976.602271,Small
Thornton-Cleveleys,334570,442780,Asahi Glass Fluropolymers UK Ltd,4966.936091,Small
Tunstall,385500,350700,Norcros Group (Holdings) Ltd,4946.746694,Small
The Glenlivet Distillery,319493,828695,Chivas Brothers Ltd,4917.458433,Small
Bristol,358400,173550,United Bristol Healthcare NHS Trust,4910.467645,Small
Drungans,297316,576211,Penspen Ltd,4902.81987,Small
Shobnall Maltings,425080,324290,Soufflet Malt UK Ltd,4876.049141,Small
Bardon Hill,444800,312876,Aggregate Industries UK Ltd,4857.415435,Small
University Hospital of Wales,317500,179400,Cardiff & Vale NHS Trust,4844.131636,Small
Harwich,623060,232160,Petrochem Carless Ltd,4830.355105,Small
Jacobs Bakery,336990,396030,United Biscuits (UK) Ltd,4827,Small
Austerfield Works,466000,394600,Bawtry Carbon Ltd,4776,Small
Hull,509400,431700,Croda Europe Ltd,4765.02096,Small
Burton Brewery,424660,323100,Coors Brewers Ltd,4754.402697,Small
Faslane,224900,689700,Babcock Naval Services Ltd,4738.025122,Small
Guys Hospital,532800,179800,Guys & St Thomas' NHS Trust,4718.720201,Small
Doncaster,457350,401300,Bridon International Ltd,4690.909091,Small
Caw House,428230,490060,Cawingredients Ltd,4688.454545,Small
Sandown Brickworks,404500,301600,Wienerberger Ltd,4686.780305,Small
Kingsbury Factory,421810,299060,Wienerberger Ltd,4666.6608,Small
Ware,534780,214500,GlaxoSmithKline Plc,4662.304781,Small
"PDHU Pump House, Pimlico",529700,177900,Westminster City Council,4662.288758,Small
South Holmwood Brickworks,518290,142380,Ibstock Brick Ltd,4661.738332,Small
Craigavon,113040,514454,Moy Park Ltd,4659.545455,Small
Hereford,350880,241860,Special Metals Wiggin Ltd,4636.363636,Small
Knockmore Hill,134583,519964,Contourglobal Solutions (NI) Ltd,4613.888048,Small
Bank Quay,359745,388264,PQ Silicas UK Ltd,4590.081199,Small
Hythe,443600,106050,Geo Specialty Chemicals UK Ltd,4588.363636,Small
Norwich District Heating and CHP,619391,307593,University of East Anglia,4557.070293,Small
Barrow-In-Furness,319200,468200,BAE Systems Plc,4548.565735,Small
Hazel Grove,390633,386651,Nexperia UK Ltd,4533.424582,Small
Royston,534850,241400,Johnson Matthey Plc,4493.784128,Small
Stanlow Power Station,341830,376362,UK Power Reserve Ltd,4447.99905,Small
Belfast,144579,529209,Royal Hospitals,4444.267478,Small
Cedar Maltings,606300,257600,Muntons Plc,4433.780037,Small
Gravesend,561350,175270,Britannia Refined Metals Ltd,4423.892727,Small
Laybrook Brickworks,511360,118850,Ibstock Brick Ltd,4423.348413,Small
Belfast,139857,523845,Montupet Ltd,4404.545455,Small
Uddingston,267200,662100,SMW Ltd,4403.90475,Small
Ellistown Brickworks,443560,310330,Ibstock Brick Ltd,4399.314619,Small
Claughton,356173,466379,Forterra Building Products Ltd,4386.930646,Small
Sheffield,438634,389821,Sheffield Forgemasters Engineering Ltd,4362.006153,Small
Cramlington,426000,574300,Shasun Pharma Solutions Ltd,4357.201773,Small
Wrexham,338858,350433,Kellogg Co of Great Britain Ltd,4334.273032,Small
Manchester,384979,396212,Central Manchester & Manchester Children's University Hospital NHS,4325.502785,Small
Chirnside,385058,656266,Dalkia Utilities Services Plc,4315.090909,Small
Samlesbury Brewery,359486,429649,Interbrew UK Ltd,4293.453938,Small
Carlisle,339100,553600,Pirelli Tyres Ltd,4292.824835,Small
Southampton,441600,111800,Southampton Geothermal Heating Co,4287.306496,Small
Swindon,418000,187700,Honda of the UK Manufacturing Ltd,4281.336243,Small
Beaufort Road Power Station,330445,389969,UK Power Reserve Ltd,4280.632636,Small
Chartham Paper Mill,610765,154929,Arjowiggins Chartham Mill Ltd,4279.072988,Small
Maltby Energy Park,454943,392249,Regent Park Energy Ltd,4266.229636,Small
Erlings Works,408462,433332,Omega Proteins Ltd,4259.417427,Small
Crewe,368500,356600,Bentley Motors Ltd,4241.02167,Small
Carrington Peel Power Station,372352,392485,UK Power Reserve Ltd,4234.100575,Small
Hexham,394655,564653,Egger (UK) Ltd,4228.516121,Small
Bracknell Power Station,485837,169248,UK Power Reserve Ltd,4222.165871,Small
"University of York, Heslington",462200,450600,Bardmilne Ltd,4214.0442,Small
Hull Energy Works,510270,430190,Energy Works (Hull) Ltd,4198.116162,Small
Thetford,585765,282380,Baxter Healthcare Ltd,4186.420669,Small
Keele Works,378700,345550,Marley Ltd,4184.41722,Small
Widnes,353598,386814,Innospec Widnes Ltd,4153.276222,Small
Nestle Purina Wisbech,545800,309300,Nestle Purina Petcare Ltd,4147.238269,Small
Dumfries,300400,575500,Dundas Chemical Company (Mosspark) Ltd,4143.384635,Small
Alders Way Power Station,287022,59300,UK Power Reserve Ltd,4141.060293,Small
Queenborough,590590,172660,Aesica Queenborough Ltd,4139.879182,Small
Grimethorpe,441100,408900,Carlton Main Brickworks Ltd,4103.687765,Small
Long Sutton,545090,322320,Princes Ltd,4089.855221,Small
Middlesbrough,456500,523700,Northumbrian Water,4089.468393,Small
Hope Hospital,378700,399000,Salford Royal Hospitals NHS Trust,4046.611028,Small
Hemel Hempstead Power Station,507407,209131,UK Power Reserve Ltd,4043.669471,Small
Lyon Road Power Station,486710,234880,UK Power Reserve Ltd,4037.797287,Small
Queen Alexandra Hospital,465474,105965,Engie Services Ltd,4006.085965,Small
Greenock,223406,675994,National Semiconductor (UK) Ltd,3972.717545,Small
Crick,458399,273638,Butchers Pet Care Ltd,3966.134182,Small
Thornton-Cleveleys,334570,442780,Victrex Manufacturing Ltd,3962.429141,Small
Ford Dunton Technical Centre,566713,189665,Ford Technologies Ltd,3960.425902,Small
Thelwall Lane Power Station,363929,387483,UK Power Reserve Ltd,3954.329141,Small
Bartley Power,328855,344417,Bartley Power Ltd,3952.881011,Small
Traston Road Power Station,332953,185707,UK Power Reserve Ltd,3922.32609,Small
Chesterton Brickworks,382890,349530,Ibstock Brick Ltd,3918.373565,Small
Plymouth,245167,54723,Devonport Royal Dockyard Ltd,3911.009275,Small
Redhill,528710,151840,Enlightened Lamp Recycling Ltd,3907.909091,Small
Alderley Park Energy Centre,384740,375620,Alderley Park Ltd,3864.26145,Small
Immingham Briquetting Works,518800,416000,Coal Products Ltd,3837.545455,Small
Globe Industrial Power Station,393989,396987,UK Power Reserve Ltd,3804.255464,Small
Lodge Lane Power Station,358018,396837,UK Power Reserve Ltd,3800.046543,Small
Queen Elizabeth Medical Centre,404090,283950,University Hospital Birmingham NHS Trust,3790.197491,Small
Ashdown Brickworks,572160,109300,Ibstock Brick Ltd,3786.413498,Small
Londonderry,60988,579477,Altnagelvin Hospital,3771.606003,Small
Norwich,620521,310256,Briar Chemicals Ltd,3765.87219,Small
Stainland,406935,418965,Sonoco Cores and Paper Ltd,3765.17418,Small
Taylor Lane 3 & 4,442552,347596,Powertree (Taylor Lane) Ltd,3749.542508,Small
Irvine,233590,635210,UPM-Kymmene (UK) Ltd,3735.096161,Small
Barnard Castle,405400,517600,Glaxo Operations UK Ltd,3685.598471,Small
Dalston,337290,550765,NestlÃ© UK Ltd,3685.472618,Small
Nottingham Road Power Station,449511,333963,UK Power Reserve Ltd,3675.288586,Small
Gloucester,381828,215977,UK Power Reserve Ltd,3664.068341,Small
Cambuslang,264100,661850,Norit (UK) Ltd,3653.053636,Small
Mollison Avenue Power Station,536838,198106,UK Power Reserve Ltd,3651.48762,Small
London,529884,183059,The Francis Crick Institute Ltd,3638.158702,Small
Glasgow,256870,666730,University of Glasgow,3626.236871,Small
Barry,314280,168880,Cabot Carbon Ltd,3624.545455,Small
Heathrow Airport,507550,176750,British Airways Plc,3624.375063,Small
Burstwick CHP,485400,430100,Growth Power Ltd,3620.901275,Small
Melksham,390270,164310,Cooper Avon Tyres Ltd,3619.775735,Small
Bicester Garrison,461112,217882,Ministry of Defence,3617.38976,Small
Slough Chocolate Factory,495100,181550,MARS Chocolate UK Ltd,3579.713455,Small
Huntingdon Compressor Station,511670,269450,National Grid Gas Plc,3577.569101,Small
Billingham,447560,524035,KP Snacks Ltd,3574.397225,Small
Northwich Power Station,368241,374334,Northwich Power Ltd,3566.920246,Small
Bury Power Station,380355,411436,Bury Power Ltd,3512.631747,Small
John Smith's Brewery,448500,443190,Scottish Courage Ltd,3504.959446,Small
Wrexham,337610,349260,Hydro Aluminium Deeside Ltd,3463.636364,Micro
Trafford Park,380166,396804,Biogas Technology Ltd,3463.531025,Micro
RNAS Yeovilton,354750,123750,Ministry of Defence,3431.692069,Micro
Lodge Lane Brickworks,397470,308000,Ibstock Brick Ltd,3430.6509,Micro
Lurgan,122225,515425,Huhtamaki (Lurgan) Ltd,3409.308172,Micro
Ewhurst Brickworks,511500,137200,Wienerberger Ltd,3401.033637,Micro
Lavant Power,386742,289801,Lavant Power Ltd,3393.541696,Micro
Birtley Brickworks,426550,555670,Ibstock Brick Ltd,3389.575514,Micro
Leicester Royal Infirmary,458600,303600,University Hospitals of Leicester NHS Trust,3385.956674,Micro
Felinfach,251850,257600,Volac International Ltd,3382.173469,Micro
Mansfield Power Station,452400,359772,UK Power Reserve Ltd,3366.372038,Micro
Wisbech,546464,310185,Princes Ltd,3363.996101,Micro
Wilnecote Works,421950,300310,Hanson Building Products Ltd,3362.224666,Micro
Shotton Mill,330500,371500,Shotton Mill Ltd,3359.642389,Micro
Dunmanbridge,95449,539996,Dalefarm Dairies Ltd,3356.095522,Micro
Leek,397490,357000,Tessenderlo Fine Chemicals Ltd,3354.545455,Micro
Bradford Refinery,417197,432724,P Waddington & Co (1947) Ltd,3350.995339,Micro
Rawcliffe Bridge,470200,421300,Croda Chemicals Europe Ltd,3332.727273,Micro
University Hospital,437942,280527,Warwickshire NHS Trust,3328.982632,Micro
Enfield,536640,197160,Warburtons Ltd,3316.363636,Micro
City General Hospital,385795,344997,University Hospital of North Staffordshire (NHS) Trust,3303.780581,Micro
Bridgewater Diary,330050,133710,Muller UK and Ireland Group LLP,3296.722909,Micro
Royal Brewery,384030,396020,Scottish Courage Ltd,3292.456519,Micro
Purfleet,557340,177883,Civil and Marine Ltd,3291.277342,Micro
Disley Mill,398000,385300,Disley Tissue Ltd,3290.564918,Micro
Belfast,145940,532205,John Thompson & Sons Ltd,3272.727273,Micro
Hazlehead,418074,404654,Wavin Ltd,3260.910483,Micro
Great Ormond Street Hospital,530500,182000,Great Ormond Street Hospital for Children NHS Trust,3250.076703,Micro
Northampton Brewery,475270,259920,Carlsberg Supply Chain UK Ltd (CSC),3242.806958,Micro
Tottenham Power Station,535231,191387,UK Power Reserve Ltd,3237.910023,Micro
Royal Devon & Exeter Hospital,293700,91800,Royal Devon & Exeter  NHS Foundation Trust,3227.872683,Micro
Bridgend,292000,178900,Sony UK Technology Centre,3224,Micro
Dalton Airfield,441760,475290,Wagg Foods Ltd,3197.727273,Micro
Afan Way Power Station,275603,189619,UK Power Reserve Ltd,3191.98125,Micro
Ellesmere Port,337912,378873,Vauxhall Motors Ltd,3191.244019,Micro
Hern Hill Nursery,607612,162701,S&A Produce (UK) Ltd,3187.881933,Micro
Rownhams Generation Station,437244,116800,Keekle Power Ltd,3182.907856,Micro
Burton Latimer,489470,275700,Alpro (UK) Ltd,3173.239909,Micro
Wakefield,431600,424800,Coca-Cola Enterprises Ltd,3170.545091,Micro
Bishop Auckland Compressor Station,428080,530530,National Grid Gas Plc,3170.267119,Micro
Chesterfield Paper Mill,437275,370675,Northwood Tissue (Chesterfield) Ltd,3163.649476,Micro
City Campus,445670,334410,Nottingham University Hospitals NHS Trust,3153.089468,Micro
Worthing,515400,104700,SmithKline Beecham Plc,3149.578467,Micro
Todhills Brickworks,421300,533800,Wienerberger Ltd,3145.482248,Micro
Dagenham,549236,183219,Ford Motor Co Ltd,3140.855885,Micro
Lifford,405580,279540,Minteq UK Ltd,3139.691138,Micro
Castle Vale,413690,290830,Jaguar Cars Ltd,3136.89135,Micro
Glasgow Royal Infirmary,260100,665600,North Glasgow University Hospitals NHS Trust,3134.770636,Micro
Roseisle Complex,312265,865505,Diageo Scotland Ltd,3125.256627,Micro
Chapel-En-Le-Frith,405760,381430,Federal Mogul Friction Products Ltd,3123.545455,Micro
RAF Brize Norton,428750,207100,Ministry of Defence,3095.544183,Micro
Nottingham,454700,338100,University of Nottingham,3066.432343,Micro
Runcorn,356853,379617,Saint-Gobain Isover UK Ltd,3043.611712,Micro
Sheffield,433900,390100,Kraft Foods UK Ltd,3035.237174,Micro
Marlbrook,351250,253650,Kraft Foods UK Ltd,3025.710974,Micro
Dumfries,298900,578700,Gates Power Transmission Ltd,3016.250455,Micro
Hartlepool Pipe Mill,450869,528850,Tata Steel UK Ltd,3000.757893,Micro
Addenbrookes Hospital,546500,255000,Addenbrookes NHS Trust,3000.484186,Micro
Teeside Polyethylene Plant,458000,522000,Sabic UK Petrochemicals Ltd,2989.090909,Micro
Royal London Hospital,534817,181808,Skanska Rashleigh Weatherfoil Ltd,2989.037992,Micro
Hull Reserve Power Station,516675,429188,Hull Reserve Power Ltd,2979.53004,Micro
Burghead Maltings,311310,868949,Diageo Scotland Ltd,2977.605595,Micro
Scunthorpe,491300,410300,Caparo Merchant Bar plc,2975.274728,Micro
Larigan Power Station,302833,182419,Larigan Power Ltd,2954.959538,Micro
New Cross Hospital,393500,299900,The Royal Wolverhampton Hospitals NHS Trust,2951.464345,Micro
Carrickfergus,152699,541736,Ryobi Aluminium Casting (UK) Ltd,2949.545455,Micro
West Thurrock,559390,177385,Procter & Gamble Product Supply (UK) Ltd,2943.610274,Micro
Ambrosia Creamery,239560,84980,Premier Foods Group Ltd,2923.599963,Micro
Queens Island,149734,532484,Bombardier Aerospace,2914.454179,Micro
Ware,535120,214480,GlaxoSmithKline Plc,2910.458471,Micro
Station Road Site,605150,294939,Banham Poultry (2018) Ltd,2905.909091,Micro
Linford Blocks,566856,179801,Tarmac Building Products Ltd,2905.639601,Micro
Stretford,378800,395500,Kellogg Co of Great Britain Ltd,2904.122615,Micro
Newport,329300,185700,International Rectifier Newport Ltd,2894.137533,Micro
Runcorn,356200,379900,Diageo Great Britain Ltd,2893.144636,Micro
Melton Mowbray,475500,319100,Mars Petcare UK Ltd,2892.032449,Micro
Charing Cross Hospital,523600,177900,Imperial College Healthcare NHS Trust,2891.787237,Micro
Lancaster,348400,463750,Sofidel UK Ltd,2879.786163,Micro
Riverdale Data Centre,538208,175601,CIB Properties Ltd,2872.575935,Micro
Stranraer,206300,559900,Caledonian Cheese Co Ltd,2871.458924,Micro
Runcorn,349810,381143,Vynova Runcorn Ltd,2860.082561,Micro
Hammersmith Hospital,522400,181200,Imperial College Healthcare NHS Trust,2850.321101,Micro
Sunderland Royal Hospital,437866,556587,City Hospitals Independent Commercial Enterprises Ltd,2839.784018,Micro
Delyn Mill,323600,373500,Kimberly-Clark Ltd,2837.632525,Micro
London,526580,178990,The Natural History Museum,2832.115421,Micro
Worksop,457377,380518,Premier Foods Group Ltd,2830.467851,Micro
Cloud Hill Quarry,440600,323000,Breedon Aggregates England Ltd,2824.153061,Micro
Chelsea and Westminster Hospital,526300,177700,Chelsea & Westminster Healthcare Trust,2812.640174,Micro
Kiln Power Station,441315,292567,Kiln Power Ltd,2808.60054,Micro
Hull Royal Infirmary,508373,428788,Hull & East Yorkshire Hospitals NHS Trust,2785.997965,Micro
Guildford,498190,150250,University of Surrey,2765.783195,Micro
Middlesbrough,450450,520370,Haltermann Ltd,2760.228273,Micro
Cawthorne,426900,407200,Naylor Drainage,2748.866654,Micro
Carlisle Street East Works,436460,388520,Allegheny Technologies Ltd,2745.081818,Micro
Kings Lynn Compressor Station,572040,316150,National Grid Gas Plc,2744.789888,Micro
Tollcross Road Site,263364,663431,United Biscuits Ltd,2743.090909,Micro
Milton Keynes,490380,238630,Alanod Ltd,2738.899909,Micro
Glensanda Quarry,182990,747522,Aggregate Industries Ltd,2735.061273,Micro
Caledonian Brewery,260500,665200,InBev UK Ltd,2734.500382,Micro
Ellesmere Port,341600,376500,The Associated Octel Co Ltd,2731.527532,Micro
Cargenbridge,295110,574390,Dupont Teijin Films UK Ltd,2727.272727,Micro
Lockerbie,310186,581210,Glanbia Foods Ltd,2727.272727,Micro
Malton,480280,471400,Grampian Country Pork Ltd,2727.272727,Micro
Liverpool,343420,398660,Baker Hughes Ltd,2727.272727,Micro
Halesworth,640260,278910,Bernard Matthews Foods Ltd,2727.272727,Micro
Knottingley,451200,423800,Solvent Resource Management Ltd,2727.272727,Micro
Old Leake,539794,354072,Fold Hill Foods Ltd,2727.272727,Micro
Gatwick,527500,140500,Gatwick Airport Ltd,2727.272727,Micro
Hendon Dock,441300,556800,Solvent Resource Management Ltd,2727.272727,Micro
White House Farm,366320,134730,Wyke Farmhouse Cheese Co Ltd,2727.272727,Micro
Dailuaine Distillery,323266,841034,Diageo Distilling Ltd,2727.272727,Micro
Lowestoft,655360,293850,Birds Eye Ltd,2727.272727,Micro
Kiveton,446710,383330,Hazlewood Convenience Group 1,2727.272727,Micro
Hull,510730,432310,Greencore Grocery,2727.272727,Micro
Pilkington Sullivan Site,352900,385400,Saffil Ltd,2727.272727,Micro
Grimsby Chemical Works,524040,412080,BASF Public Ltd Company,2727.272727,Micro
Forest Gate,540520,184790,Hovis Ltd,2727.272727,Micro
Waterbeach (Composting/Waste Transfer),548280,268340,Ameycespa (East) Ltd,2727.272727,Micro
Hams Hall,420622,292362,Forterra Building Products Ltd,2727.272727,Micro
Kirkdale Palm Oil Refinery,333800,393400,New Britain Oils,2727.272727,Micro
King's Lynn,561220,321790,Pil Membranes Ltd,2727.272727,Micro
"Hillwood Quarry, Ratho, Midlothian",312802,672031,Tarmac Limited,2727.272727,Micro
Clydach,268900,201300,INCO Europe Ltd,2727.272727,Micro
Stallingborough,523100,413700,Synthomer Ltd,2727.272727,Micro
Radway Green,377730,354450,BAE Land Systems Division,2715.650452,Micro
Histon,543771,262981,Histon Sweet Spreads Ltd,2704.366541,Micro
Bridgwater,330723,139413,Gerber Juice Co Ltd,2701.308824,Micro
Wombourne,385800,291700,McCain Foods (GB) Ltd,2698.67601,Micro
Royal Hallamshire Hospital,433800,386900,Sheffield teaching Hospitals NHS Trust,2689.089436,Micro
Lisahally,63657,582917,Foyle Food Group Ltd,2687.848274,Micro
Western General Hospital,323000,675050,NHS Lothian,2686.821128,Micro
George Square,325700,673000,University of Edinburgh,2678.994245,Micro
Avonmouth STW,353303,179304,Wessex Water Services Ltd,2673.766601,Micro
Warrington Power Station,360245,387416,Warrington Power Ltd,2668.965401,Micro
Mountsorrel Asphalt,456900,315430,Lafarge Aggregates Ltd,2662.705282,Micro
Lincoln County Hospital,498800,371800,United Lincolnshire Hospitals NHS Trust,2660.449713,Micro
Mold,323287,364785,Synthite Ltd,2610.512695,Micro
Immingham Kings Road Power Station,519621,414736,UK Power Reserve Ltd,2598.285243,Micro
Harper Lane Asphalt,516200,201730,Lafarge Aggregates Ltd,2589.844707,Micro
Ogmore Power Station,314751,211843,Ogmore Power Ltd,2588.33199,Micro
Royal United Hospital Bath,372850,165950,Royal United Hospital Bath NHS Trust,2586.819976,Micro
Bournville,404820,281020,Kraft Foods UK Ltd,2583.350048,Micro
Aldridge Brickworks,404580,302270,Ibstock Brick Ltd,2582.940935,Micro
Beckton STW,544400,182300,Thames Water Utilities Ltd,2579.228845,Micro
Tonypandy Power Station,299390,193202,UK Power Reserve Ltd,2576.504596,Micro
Avonmouth,352669,180485,Enersyst Ltd,2572.232367,Micro
King's Buildings,326600,670600,University of Edinburgh,2568.886145,Micro
Hartshill,433200,295100,Sarval (Hartshill) Ltd,2567.797669,Micro
Knostrop,432560,431600,White Rose Environmental Ltd,2565.860199,Micro
Southampton,442500,115300,University of Southampton,2560.925718,Micro
Macclesfield,392200,375200,Dalkia Utilities Services Plc,2558.415916,Micro
Nevern Power Station,315509,210493,Nevern Power Ltd,2553.054652,Micro
Blockleys Brickworks,368370,312200,Blockleys Brick Ltd,2533.833532,Micro
Immingham Queens Road Power Station,520287,414714,UK Power Reserve Ltd,2526.964835,Micro
Cliffe Hill Asphalt,445200,310800,Midland Quarry Products Ltd,2522.412335,Micro
Cross Green Asphalt,432250,431780,Lafarge Tarmac Trading Ltd,2521.463795,Micro
Aspatria Creamery,314400,541200,The First Milk Cheese Co Ltd,2518.699001,Micro
Clyne Power Station,315509,210573,Clyne Power Ltd,2515.144255,Micro
Magheralin,124092,516204,Glanbia Cheese Ltd,2506.510197,Micro
Glascoed,334150,202000,BAE Land Systems Division,2500.923655,Micro
Boulby Mine,476370,518630,Cleveland Potash Ltd,2476.674821,Micro
Inverness,268600,844600,Raigmore Hospital,2474.363636,Micro
Northcot Brickworks,418300,236900,Northcot Brick Ltd,2469.737007,Micro
Edinburgh,329100,670400,Royal Infirmary of Edinburgh,2466.714335,Micro
Dalzell Works,275802,656788,Liberty Steel Dalzell Ltd,2457.998059,Micro
Dreadnought Brickworks,390575,289415,Hinton Perry & Davenhill Ltd,2456.114613,Micro
Norfolk & Norwich University Hospital,618143,307129,Serco Services,2451.106803,Micro
Watton,590250,300480,Bowes of Norfolk Ltd,2443.090909,Micro
Orchard Mill,368810,422770,Perspex International Ltd,2440.909091,Micro
The James Cook University Hospital,450700,517400,South Tees Hospitals NHS Trust,2440.015006,Micro
Belfast,145230,528418,Belfast City Hospital,2424.299002,Micro
Widnes,350400,384050,Secanim Ltd,2420.239849,Micro
Royal Bolton Hospital,371890,406460,Bolton Hospitals NHS Trust,2416.783874,Micro
Russells Hall Hospital,392000,289300,Interserve (Facilities Management) Ltd,2411.437527,Micro
Lister Hospital,523056,226590,East & North Herts NHS Trust,2398.66746,Micro
Broadstreet Energy Scheme,406200,286800,Birmingham District Energy Company Ltd,2396.742676,Micro
Oakthorpe Dairy,532041,192376,Arla Foods Ltd,2365.090909,Micro
Colnbrook,503100,175900,Aggregate Industries UK Ltd,2357.87676,Micro
Thamesteel Power Station,591172,174391,UK Power Reserve Ltd,2355.564608,Micro
Livingston,305550,669656,Wyman Gordon Ltd,2352.962384,Micro
Portadown,113959,513437,Craigavon Area Hospital,2352.643336,Micro
Lee Moor Site,256600,60900,Imerys Minerals Ltd,2351.45076,Micro
Hayes Asphalt,510522,179515,Lafarge Tarmac Trading Ltd,2348.316968,Micro
Montrose,372000,757170,GlaxoSmithKline,2345.744441,Micro
Motherwell,279900,659900,Dundas Chemical Company (Mosspark) Ltd,2339.77023,Micro
East Kent Waste Recovery Facility,633450,160050,Augean Treatment Ltd,2335.327503,Micro
Southmead Hospital,359150,177490,North Bristol NHS Trust,2334.116594,Micro
Davidstow Creamery,213825,86588,Dairy Crest Ltd,2329.157378,Micro
Banbury Power,446555,241943,Banbury Power Ltd,2304.494084,Micro
Lerwick,446000,1142000,Shetland Island Council,2302.063798,Micro
Runcton,488960,102180,Vitacress Herbs Ltd,2290.497344,Micro
Selby,463150,433150,Greencore Grocery,2285.181818,Micro
Oxford,451630,206920,University of Oxford,2278.273429,Micro
St Dennis,194750,57250,Imerys Minerals Ltd,2275.901054,Micro
West Smithfield,531869,181492,Skanska Rashleigh Weatherfoil Ltd,2263.830559,Micro
Nestle Fawdon,422343,568662,Nestlé UK Ltd,2259.869815,Micro
Hillhouse International,334219,443549,Victrex plc,2257.934495,Micro
Kingston Hospital,519600,169800,Kingston Hospital NHS Trust,2256.164894,Micro
West Drayton,507618,179910,Hanson Quarry Products Europe Ltd,2253.216112,Micro
Wharf Power Station,335351,382545,Wharf Power Ltd,2249.480798,Micro
Cookstown,94628,538005,Vion Food Group Ltd,2245.364,Micro
Tillingham Power Station,486483,153718,Tillingham Power Ltd,2243.929743,Micro
Gatwick Airport,527500,140700,Gatwick Airport Ltd,2235.925574,Micro
Ulverston,330730,477550,Glaxo Operations UK Ltd,2235.423344,Micro
Manchester Airport,382242,385056,Manchester Airport Plc,2233.200895,Micro
Medway Maritime Hospital,577200,167500,Medway NHS Trust,2207.794716,Micro
Doncaster Royal Infirmary,459340,404320,Doncaster & Bassetlaw Hospitals NHS Trust,2193.77643,Micro
Oldham,339280,404020,Park Cakes Ltd,2185.090909,Micro
Wilton Aniline Plant,459764,521369,Huntsman Polyurethanes (UK) Ltd,2175.027259,Micro
Aston University Energy Centre,407500,287600,Birmingham District Energy Co,2165.537705,Micro
Invergordon Distillery,271500,869110,Whyte & Mackay Ltd,2162.454545,Micro
Allesley,430440,281950,Lawrence Automotive Interiors (VMC) Ltd,2155.180636,Micro
Haverhill,566870,244880,International Flavours & Fragrances (GB) Ltd,2151.545455,Micro
Cleveland Nurseries CHP,453100,508000,Jan Bezemer & Sons Ltd,2143.045956,Micro
Glenavy,125471,529575,Linergy Ltd,2129.266075,Micro
Bristol,358400,173200,University of Bristol,2119.705522,Micro
Newtownards,159412,528943,Pritchitts,2117.856281,Micro
Lancaster,348400,463000,Abaris Holdings Ltd,2113.636364,Micro
Colchester Garrison,599800,224500,Ministry of Defence,2100.688662,Micro
Seal Sands Power Station,453278,524210,Rolls-Royce Power Development Ltd,2088.716438,Micro
Canterbury,614180,159950,University of Kent,2080.102767,Micro
Yatton,341850,166070,Smart Systems Ltd,2070.818182,Micro
Harverfordwest Creamery,194920,214490,The First Milk Cheese Co Ltd,2064.762886,Micro
Chadderton Power Station,390665,405112,UK Power Reserve Ltd,2051.055987,Micro
Leaton Quarry,361534,311357,Breedon Aggregates England Ltd,2045.978855,Micro
City Hospital,404800,287900,Sandwell & West Birmingham Hospital NHS Trust,2043.833575,Micro
Sheffield,436800,388600,ATI Allvac Ltd,2042.253071,Micro
Glenlossie Distillery,321260,857240,Diageo Scotland Ltd,2034.400865,Micro
Oldbury,399190,288430,Rhodia Consumer Specialties Ltd,2032.045413,Micro
Derby,435988,332278,Rolls-Royce Power Development Ltd,2026.343026,Micro
Royal Victoria Dock,540699,180693,EXCEL District Energy Company Ltd,2009.634595,Micro
South Molton,269802,125918,Norbord Europe Ltd,2009.184464,Micro
Hillhouse Quarry,234623,634184,Hillhouse Quarry Group Ltd,2007.862996,Micro
Eastbourne District General Hospital,560250,100750,East Sussex Hospitals NHS Trust,1994.304466,Micro
Ashford,604000,142100,White Rose Environmental Ltd,1982.413776,Micro
Bulmers Cider Mills,350222,240345,Heineken UK Ltd,1977.345303,Micro
Wythenshawe Hospital,380770,387940,South Manchester University Hospitals NHS Trust,1969.64273,Micro
Reading,473352,173710,The University of Reading,1965.369735,Micro
Ipswich,619330,245170,White Rose Environmental Ltd,1958.711265,Micro
Stepping Hill Hospital,391300,387400,Stockport NHS Foundation Trust,1941.652513,Micro
Smeed Dean Brickworks,592200,165300,Wienerberger Ltd,1917.891046,Micro
Northwick Park & St Marks Hospitals,516300,187600,London North West Healthcare NHS Trust,1915.918195,Micro
Immingham Power Station,519820,414959,Immingham Power Ltd,1915.673291,Micro
Cadishead Power Station,371532,392258,UK Power Reserve Ltd,1914.074757,Micro
Greengate Power Station,350800,394200,UK Power Reserve Ltd,1912.975238,Micro
Gascoigne Wood Power Plant,452565,431894,Gascoigne Wood Power Ltd,1909.91064,Micro
Dagenham,548894,181891,Eurovia Infrastructure Ltd,1906.227575,Micro
Hamble Power,400114,292731,Hamble Power Ltd,1898.984097,Micro
Peel Media City Energy Centre,380435,397583,Utilities Services (Mediacity UK) Ltd,1897.369636,Micro
Weybridge (Veterinary Laboratories Agency),504972,162634,DEFRA,1891.217165,Micro
Widnes,352580,387790,Rockwood Additives Ltd,1885.593191,Micro
Girvan,220123,600327,Nestle UK Ltd,1881.818182,Micro
Royal Preston Hospital,353600,432900,Lancashire Hospitals NHS Trust,1876.893627,Micro
Croydon Energy,531700,166400,Rolls Royce Power Development Ltd,1869.375905,Micro
Victoria Hospital,333300,436500,"Blackpool, Fylde & Wyre Hospitals NHS Trust",1865.798827,Micro
Felindre Compressor Station,264660,200950,National Grid Gas Plc,1864.782169,Micro
Wolverhampton Power Station,392914,298062,Wolverhampton Power Ltd,1857.11988,Micro
Redditch,406100,264600,Medical Energy (Worcestershire) Ltd,1848.626807,Micro
Allensmore,346260,233720,Cargill Meats Europe Sun Valley Foods Ltd,1827.545455,Micro
Whitehall District Heating Scheme,530153,180174,Cofely Ltd,1827.035842,Micro
Derby City General Hospital,432700,334800,Skanska Rashleigh Weatherfoil Ltd,1825.402642,Micro
Salisbury District Hospital,414680,127470,Salisbury District Hospital,1818.16267,Micro
Coulport,221000,687300,Babcock Naval Services Ltd,1817.936746,Micro
Devon Valley Mill,299349,102406,Devon Valley Ltd,1815.958058,Micro
Queens Park Hospital,369232,426715,East Lancashire Hospitals NHS Trust,1813.569177,Micro
Diss Compressor Station,613480,274970,National Grid Gas Plc,1797.586972,Micro
Cowley Hill Power Station,351300,396700,UK Power Reserve Ltd,1794.578015,Micro
Southend University Hospital,586260,187500,Southend University hospital NHS Foundation Trust,1792.560248,Micro
Leven,337000,701500,Silberline Ltd,1786.090909,Micro
Gateshead District Energy Scheme,425956,563447,Gateshead Energy Company Ltd,1784.297182,Micro
DCAE Cosford,379819,305422,Ministry of Defence,1779.272727,Micro
Halecombe Asphalt,370230,147430,Lafarge Tarmac Trading Ltd,1771.981189,Micro
York Hospital,460208,453108,York Hospitals NHS Trust,1760.457965,Micro
Low Marnham,480542,369449,J G Pears (Newark) Ltd,1758.835369,Micro
North Manchester General Hospital,384893,402134,Manchester University NHS Foundation Trust,1750.305136,Micro
Speke Pharmaceutical Works FLEMING ROAD MERSEYSIDE,343563,384561,Elanco UK AH Limited,1738.563147,Micro
Bath,377400,163900,University of Bath,1728.178537,Micro
Exhall,435796,285104,Monier Redland Ltd,1709.292821,Micro
Northern General Hospital,436500,390300,Sheffield Teaching Hospitals NHS Trust,1704.799765,Micro
Leven,336500,701500,Diageo Plc,1704.472265,Micro
Winchcombe,400830,227200,Hollingsworth & Vose Co Ltd,1703.672935,Micro
Derriford Hospital,249942,59462,Plymouth Hospitals NHS Trust,1703.200675,Micro
Birmingham Heartlands Hospital,411787,286799,University Hospitals Birmingham NHS Foundation Trust,1691.678989,Micro
Uxbridge,506000,182692,Brunel University,1681.516119,Micro
Docks Way Power Station,330953,186161,UK Power Reserve Ltd,1670.007398,Micro
Sudbury,590844,239654,Greys Hall Power Ltd,1664.473402,Micro
Brighton,534700,109200,The University of Sussex,1658.596366,Micro
Rothes,327800,849700,The Combination Of Rothes Distillers Ltd,1656.45,Micro
Peterborough City Hospital,516732,299949,Brookfield Multiplex Services Europe Ltd,1651.734725,Micro
Cullompton,303100,108200,Higher Kings Mill Ltd,1646.074265,Micro
David Jack Research Centre,534790,214440,GlaxoSmithKline Research & Development Ltd,1644.54762,Micro
St James Hospital CHP Plant,431610,434622,Vital Energi Solutions Ltd,1641.442091,Micro
Basildon Hospital,570200,187200,Basildon & Thurrock University Hospitals NHS Trust,1639.834906,Micro
Aberdeen,394180,808420,University of Aberdeen,1629.913282,Micro
London,529900,182000,Bloomsbury Heat & Power,1629.765104,Micro
Donnington,370000,313800,Ministry of Defence,1626.22449,Micro
Redlake Power Station,464699,105473,Redlake Power Ltd,1625.536309,Micro
Queen Mary's Hospital,546400,171100,White Rose Environmental Ltd,1622.932536,Micro
Lossiemouth,322290,869720,RAF Lossiemouth,1620.818182,Micro
Basildon,571350,190416,CNH Industrial N.V.,1615.159803,Micro
Glasgow,268950,656130,Raeburn Brick Ltd,1613.706537,Micro
Leicester,459290,303080,University of Leicester,1610.701371,Micro
Hazel Grove,390600,386600,NXP Semiconductors UK Ltd,1605.3936,Micro
Saltend,516200,428100,INEOS Manufacturing (Hull) Ltd,1596.473168,Micro
RAF Stafford,393500,325500,Ministry of Defence,1573.363636,Micro
Heald Green,383793,384885,UK Power Reserve Ltd,1569.013088,Micro
Michelmersh Brickworks,434400,125820,Michelmersh Brick & Tile Co Ltd,1556.595562,Micro
Ashton - U - Lyne,395250,399650,Tameside & Glossop Acute Services NHS Trust,1553.162301,Micro
East Tullos,395569,804018,Pelagia (UK) Ltd,1547.410159,Micro
Southend-On-Sea,594490,185470,Qinetiq Ltd,1537.828379,Micro
Bolton,372280,409880,Vernacare Ltd,1527.405652,Micro
Warton Aerodrome,341505,428245,BAE Systems (Operations) Ltd,1522.902082,Micro
Gloucestershire Royal Hospital,384100,218600,Gloucestershire Hospitals NHS Trust,1520.21221,Micro
Trafford Park,378454,397132,Lanxess Solutions UK Ltd,1512.520628,Micro
RAF Waddington,498200,364900,Ministry of Defence,1507.090909,Micro
Bredbury Asphalt,392200,392000,Lafarge Tarmac Trading Ltd,1500.208669,Micro
Chatterley,388200,353291,Conrad (Chatterley) Ltd,1497.549025,Micro
Royal Bournemouth Hospital,412760,94220,White Rose Environmental Ltd,1496.771907,Micro
Leighton Hospital,368300,358000,Mid Cheshire Hospitals NHS Trust,1495.544179,Micro
Gartnavel General Hospital,255400,668000,North Glasgow University Hospitals NHS Trust,1485.87824,Micro
Burton Plant,423460,322670,Unilever UK Ltd,1483.458207,Micro
Royal Oldham Hospital,392000,406300,White Rose Environmental Ltd,1482.750839,Micro
St Marys Hospital,466610,100510,Carillion Services Ltd,1478.981072,Micro
Newcastle Under Lyme,381610,345272,Keele University,1472.526655,Micro
Cambridge Compressor Station,548520,244730,National Grid Gas Plc,1465.299513,Micro
Exeter Power,292200,91000,Rolls Royce Power Development Ltd,1460.865728,Micro
Southall Ready Meals Factory,514190,179980,Noon Products Ltd,1453.909091,Micro
Burnley General Hospital,385184,434505,East Lancashire Hospitals NHS Trust,1451.277621,Micro
Walsall Manor Hospital,400152,298264,Skanska Rashleigh Weatherfoil Ltd,1451.206694,Micro
St Asaph Power Station,302068,373971,St Asaph Power Ltd,1447.751024,Micro
Castle Hill Hospital,502550,432170,Hull & East Yorkshire Hospitals NHS Trust,1447.241534,Micro
Golden Jubilee National Hospital,248400,670800,NHS Scotland,1446.545455,Micro
Dagenham,549100,182000,Hanson Quarry Products Europe Ltd,1441.699552,Micro
Queens Hospital,423160,324550,Burton Hospital NHS Trust,1437.173978,Micro
Pool Paper Mills,423700,445400,Whiteley Ltd,1435.021677,Micro
Purfleet,556659,177111,Aggregate Industries UK Ltd,1428.236067,Micro
Colwick,462579,340329,Mercia Power Response (Private Road No.5) Ltd,1427.632339,Micro
Dolyhir Asphalt,323797,258194,Lafarge Tarmac Trading Ltd,1420.415561,Micro
Allington,574400,157900,Hanson Quarry Products Europe Ltd,1419.03327,Micro
Dove Holes Roadstone Coating Plant,408300,377960,CEMEX UK Operations Ltd,1418.919311,Micro
Longbenton,426400,569400,Greggs Plc,1411.636364,Micro
Morriston Hospital,266200,200200,Swansea NHS Trust,1409.312022,Micro
Bristol,359267,179332,Rolls-Royce plc,1407.789679,Micro
Somercotes,442493,354953,Reserve Power Trading Ltd,1407.291952,Micro
Jealott's Hill,487030,173370,Syngenta,1407.14869,Micro
Summerfield,383400,273600,Roxel (UK Rocket Motors) Ltd,1403.806909,Micro
Marden Power Station,489357,412628,Marden Power Ltd,1401.904331,Micro
Hythe Power Station,443892,105893,RWE Generation UK plc,1399.914652,Micro
St Andrews,350170,716830,University of St Andrews,1398.272727,Micro
Chirk,328700,337890,Kraft Foods UK Ltd,1391.215434,Micro
Royal Military Academy Sandhurst,486100,161400,Ministry of Defence,1380.298784,Micro
Birmingham,419070,283700,The National Exhibition Centre Ltd,1380.238527,Micro
Darlington Memorial Hospital,428000,515000,County Durham & Darlington Acute Hospitals NHS Trust,1379.798097,Micro
Riverside STW,551749,182195,Thames Water Utilities Ltd,1378.369394,Micro
Seal Sands,452620,524010,Ineos Nitriles (UK) Ltd,1372.090909,Micro
Churchill Hospital,454308,206029,Oxford Radcliffe Hospitals NHS Trust,1368.575455,Micro
Exeter,292000,94000,University of Exeter,1367.138677,Micro
Culvery Power Station,332302,367994,Culvery Power Ltd,1360.896562,Micro
Speke,343610,383940,Novartis Vaccines & Diagnostics Ltd,1358.838423,Micro
Pilgrim Hospital,533700,345600,United Lincolnshire Hospitals NHS Trust,1350.650375,Micro
Bury St Edmunds,584864,266369,Mizkan Euro Ltd,1345.273361,Micro
North Western Mills,370900,353800,Morning Foods Ltd,1344,Micro
Hull,508700,427800,Smith & Nephew Medical Ltd,1343.019084,Micro
Macallan Distillery,327638,844371,The Macallan Distillers Ltd,1342.829618,Micro
Dafen Power Station,252800,202230,Dafen Reserve Power Ltd,1338.922574,Micro
Ealing Hospital,514300,179900,Dalkia Utilities Services,1318,Micro
Burghfield,467700,168400,AWE Plc,1317.78972,Micro
Ripley,439678,351798,Mercia Power Response (Asher Lane 2) Ltd,1315.497363,Micro
Speke,343740,383880,Novartis Vaccines & Diagnostics Ltd,1315.334305,Micro
Carrhill-1 Electricity Generating Plant,457950,401047,Walker & Son (Hauliers) Ltd,1315.174511,Micro
Liberty Speciality Steels - Brinsworth,440928,391280,Speciality Steel UK Ltd,1306.576486,Micro
Chailey Brickworks,539000,117610,Ibstock Brick Ltd,1306.546426,Micro
Church,374170,428620,William Blythe Ltd,1305.513545,Micro
Selby Power Station,463150,431296,Selby Power Ltd,1305.010666,Micro
Bellshill,273301,660470,Calcarb Ltd,1290,Micro
Burton-On-Trent,423200,323400,Marston's Plc,1286.394941,Micro
Royal Cornwall Hospital,179550,45250,Royal Cornwall Hospitals NHS Trust,1284.945447,Micro
Aberdeen,389530,806490,Woodend Hospital,1279.909091,Micro
West Drayton,505244,179158,Aggregate Industries UK Ltd,1276.680431,Micro
Radcliffe Pulp Mill,376800,406750,Ahlstrom Chirnside Ltd,1275.116266,Micro
RAF Marham,572123,307972,Ministry of Defence,1275,Micro
Wednesbury Asphalt Plant,398400,294200,Midland Quarry Products Ltd,1274.34777,Micro
Kings Mill Hospital,451500,359800,Skanska Rashleigh Weatherfoil Ltd,1273.021173,Micro
Crosshouse,240100,638500,Crosshouse Hospital,1271.181818,Micro
Simpson Clough Paper Mill,385260,412110,Union Papertech Ltd,1270.142787,Micro
Westleigh Asphalt,306200,117300,Aggregate Industries UK Ltd,1268.600984,Micro
Irwell Power Station,380322,411500,Irwell Power Ltd,1265.404429,Micro
HMS Sultan,459286,100635,Ministry of Defence,1254.111943,Micro
HMP Garth & HMP Wymott,350300,420600,Her Majestys Prison Service (HMPS),1247.346911,Micro
North Hampshire Hospital,462200,153900,ScottishPower Generation Ltd,1241.560339,Micro
Larbert,284971,682968,Serco Ltd,1237.77324,Micro
Whiston Hospital,347900,391900,St Helens & Knowsley Hospitals  (NHS) Trust,1237.133645,Micro
Bradon Farm Power Station,336005,119775,UK Power Reserve Ltd,1235.619848,Micro
Keyingham,525200,425100,Mill Nurseries Ltd,1232.441288,Micro
St James Hospital,431700,434570,The Leeds Teaching Hospitals NHS Trust,1229.802371,Micro
Barnsley Hospital,433200,406900,Barnsley Hospital NHS Foundation Trust,1229.045455,Micro
Ringstead,497000,278280,Dodson & Horrell Ltd,1227.903818,Micro
Argent Biodiesel Stanlow Site,343260,376390,Argent Energy (UK) Ltd,1227.272727,Micro
Cynon Power Station,302075,200896,Cynon Power Ltd,1213.788226,Micro
The Royal Oldham Hospital,392030,406230,The Pennine Acute Hospitals NHS Trust,1212.712702,Micro
Lancaster,348387,463261,Lancaster Tissue Ltd,1212.353757,Micro
Burton-On-Trent,423225,323356,Marston's Beer Company Ltd,1205.960416,Micro
Newbridge,312900,672100,Lafarge Tarmac Trading Ltd,1202.071394,Micro
Askam Brickworks,321800,476100,Furness Brick & Tile Co Ltd,1200.970574,Micro
Llansantffraid,322100,320250,Wynnstay Group Plc,1196.914909,Micro
Elstow Asphalt,504278,245708,Tarmac Trading Ltd,1183.985888,Micro
Wattisham Airfield,603200,251300,Ministry of Defence,1177.846349,Micro
Stowfield Asphalt,355900,210400,Lafarge Tarmac Trading Ltd,1175.798831,Micro
North Middlesex Hospital,533400,192300,North Middlesex University Hospitals NHS Trust,1171.942719,Micro
Churchover Compressor Station,449610,279830,National Grid Gas Plc,1169.580674,Micro
Pimlico District Heating Scheme,529100,177400,Dalkia Utilities Services,1165.922075,Micro
GCHQ Benhall,391850,222234,GCHQ,1165.448272,Micro
Bolton General Hospital,371610,406450,White Rose Environmental Ltd,1159.305144,Micro
Stoke Mandeville Hospital,482500,211900,Buckinghamshire Hospitals NHS Trust,1152.657055,Micro
Airedale General Hospital,402600,444450,Airedale NHS Trust,1147.954129,Micro
Newton Aycliffe,427200,524100,Lucite International UK Ltd,1147.090909,Micro
Loddon Power Station,467439,155217,Loddon Power Ltd,1141.196801,Micro
Kendal,351850,494250,Kendal Nutricare Ltd,1138.668477,Micro
Filton,359830,179160,Airbus UK Ltd,1134.487343,Micro
Grantham,493952,326812,McCain Foods (G.B.) Ltd,1131.905051,Micro
Somercotes,441100,354470,Thorntons Ltd,1127.672727,Micro
Tower Brewery,448110,443320,Coors Brewers Ltd,1124.644797,Micro
St Cuthberts Mill,353160,146480,Inveresk Plc,1112.428875,Micro
Colchester,603720,223830,University of Essex,1111.710857,Micro
Sandwell General Hospital,400919,292165,Sandwell & West Birmingham Hospital NHS Trust,1110.622432,Micro
Whatley,373226,147901,Hanson Quarry Products Europe Ltd,1109.301224,Micro
Samlesbury Aerodrome,362014,431449,BAE Systems (Operations) Ltd,1108.294956,Micro
RAF St Athan,299034,168857,Ministry of Defence,1108.100595,Micro
Criggion Quarry,329135,314791,Hanson Quarry Products Europe Ltd,1105.637444,Micro
Jordanstown,149819,539357,University of Ulster,1101.068564,Micro
Cadoxton Power Station,314616,168928,Cadoxton Reserve Power Ltd,1088.647394,Micro
Gaydon,435700,255300,Land Rover,1085.783795,Micro
Bramley,423200,434510,Britvic Soft Drinks Ltd,1084.363636,Micro
Santon Asphalt,492800,411900,Lafarge Tarmac Trading Ltd,1078.029532,Micro
Lag Farm,351520,158640,Yeo Valley Farms (Production) Ltd,1074,Micro
RAF Honington,589250,274400,Ministry of Defence,1073.727273,Micro
Royal Berkshire Hospital,472458,173005,Royal Berkshire NHS Foundation Trust,1069.33581,Micro
Baston,513700,314900,Midland Quarry Products Ltd,1068.964255,Micro
Hanworth,511080,170820,Dairy Crest Ltd,1068.272727,Micro
Mansfield,456670,361800,Toray Textiles Europe Limted,1068.164959,Micro
Tytherington,366070,188700,Hanson Quarry Products Europe Ltd,1067.025019,Micro
Duxford,548300,245600,Hexcel Composites Ltd,1064.158084,Micro
Slough,503880,177320,S Grundon (Services) Ltd,1059.851195,Micro
Ethiebeaton Quarry,348600,733900,Breedon Aggregates Scotland Ltd,1059.456832,Micro
Caldercruix,285300,666500,Lafarge Tarmac Trading Ltd,1052.164893,Micro
Bayston Hill Asphalt,349100,309000,Lafarge Tarmac Trading Ltd,1051.222287,Micro
Whipps Cross Hospital,538892,188592,Barts Health NHS Trust,1045.619564,Micro
Bridgend,293262,178349,Ford Motor Co Ltd,1037.196445,Micro
Calderdale Royal Hospital,409500,423200,Vita Lend Lease Ltd,1034.669979,Micro
Charnwood Forest Brickworks,447800,318400,Charnwood Forest Brick Ltd,1033.848047,Micro
Park Brewery,390800,298640,Marston's PLC,1027.297702,Micro
Stobhill General Hospital,260800,669100,North Glasgow University Hospitals NHS Trust,1015.202528,Micro
Eye,614260,273810,1Stop Halal Ltd,1014.518182,Micro
Wormington Compressor Station,405080,236720,National Grid Gas Plc,1012.911668,Micro
Staveley Energy Park,443370,375664,Alkane Energy CM Ltd,1005.697137,Micro
Newcastle upon Tyne,424668,565139,University of Newcastle,1005.201342,Micro
Bristol,352100,180500,South West Energy Ltd,1003.378121,Micro
Crawley,528680,139074,Aggregate Industries UK Ltd,1003.08186,Micro
Leek,397980,355550,Croda Chemicals International Ltd,1001.885455,Micro
Queen Elizabeth Hospital,426960,560570,Gateshead Health NHS Foundation Trust,1000.91118,Micro
Benninghoven Plant,463200,170400,United Asphalt Ltd,998.3344364,Micro
Stirling,279600,692200,Stirling Royal Infirmary,988.3636364,Micro
Alrewas Compressor Station,415270,315280,National Grid Gas Plc,980.6410145,Micro
Forres,306080,861080,RAF Kinloss,980.4024077,Micro
Royal Bournemouth Hospital,412680,94120,Estates Department - Royal Bournemouth Hospital,978.6139939,Micro
University Hospital of North Durham,426200,543800,Haden Building Management Ltd,972.7236897,Micro
Torbay Hospital,290000,65830,South Devon Healthcare NHS Trust,967.636706,Micro
Ipswich Asphalt,616800,242400,Lafarge Tarmac Trading Ltd,959.8469045,Micro
Harbourne Power Station,486483,153718,Harbourne Power Ltd,958.86282,Micro
Royal Lancaster Infirmary,347780,461100,Morecambe Bay Hospitals NHS Trust,953.6608836,Micro
Rotherham General Hospital,443715,390953,The Rotherham NHS Foundation Trust,943.8272727,Micro
Bridge of Weir,239505,664821,Bridge of Weir Leather Co Ltd,942.6645385,Micro
Ansty,440692,280840,RWG (Repair & Overhauls) Ltd,939.8021373,Micro
Duntilland,284530,663481,Aggregate Industries UK Ltd,938.0699836,Micro
RAF Coningsby,522700,357500,Ministry of Defence,927.8181818,Micro
Greenwich,540265,178577,Aggregate Industries UK Ltd,925.2887073,Micro
Peterlee,441356,541318,Momentive Specialty Chemicals UK Ltd,923.5194545,Micro
Wigan,359465,399335,Hanson Quarry Products Europe Ltd,917.2241291,Micro
St. Mary's Hospital,449439,90487,Isle of Wight Healthcare NHS Trust,916.0692255,Micro
Falkirk,228800,667980,Falkirk & District Royal Infirmary,914.7272727,Micro
Croft,451002,296026,Aggregate Industries UK Ltd,907.1964245,Micro
Westgate Brewery,585680,263770,Greene King Brewing & Retailing Ltd,906.7385482,Micro
Queens Hospital,551300,187700,Barking Havering & Redbridge Hospitals NHS Trust,903.6931936,Micro
Salford Coating Plant,382080,398300,CEMEX UK Operations Ltd,903.2100518,Micro
Derriford Hospital,249920,59560,Viridor Waste Management Ltd,900.5263699,Micro
Greenwich Generating Station,538900,178000,London Underground Ltd,898.9513773,Micro
NestlÃ© Halifax Boiler House,409720,424860,Cofely Ltd,897.6105373,Micro
Riccarton,317500,669200,Heriot Watt University,894.8181818,Micro
Pindersfields Hospital,434076,422118,Balfour Beatty Workplace,885.3965482,Micro
Adastral Park,624850,245250,BT Plc,884.9557833,Micro
Kirriemuir Compressor Station,343090,754880,National Grid Gas Plc,883.0447036,Micro
"Llysonnen Mill, CARMARTHEN",238288,219581,Llysonnen Mill EPR/EP3034GS,878.328,Micro
York,452300,466300,York Handmade Brick Co Ltd,878.0962935,Micro
University College Hospital,529300,182300,University College London Hospitals NHS Foundation Trust,872.7953973,Micro
Airdrie,275100,665300,Monklands Hospital,861.2727273,Micro
RAF Wyton,528250,273750,Ministry of Defence,852.2727273,Micro
Liskeard,226800,65000,Peake (GB) Ltd,852.227825,Micro
Birmingham International Airport,418400,283700,Birmingham International Airport Ltd,845.7905219,Micro
Watervole-1,457825,400753,Walker & Son (Hauliers) Ltd,838.5210327,Micro
Belfast WWTW,147725,532762,Veolia Water Outsourcing Ltd,826.7381345,Micro
Barnoldswick,388100,447110,Rolls Royce Plc,825.9253636,Micro
Grimsby,525749,410969,Pelagia (UK) Ltd,824.3258755,Micro
Aldbrough Gas Storage,525530,436690,SSE Hornsea Ltd,813.7607073,Micro
Hothfield Asphalt,598000,146400,Lafarge Tarmac Trading Ltd,812.5187209,Micro
Stancombe Asphalt,350200,168800,Lafarge Tarmac Trading Ltd,810.4328373,Micro
Newton Aycliffe,427935,521580,II-VI Compound Semiconductors Ltd,805.2634009,Micro
"Bridge Road North, Wrexham Inudstrial Estate, Wrexham",338324,349656,Lloyds Animal Feeds Mill,797.4436364,Micro
Deeside,331500,370998,Toyota Motor Manufacturing UK Ltd,786.0411027,Micro
Ditton,349146,384143,Croda Europe Ltd,781.53966,Micro
Ledbury,369690,237160,Heineken UK Ltd,781.1037273,Micro
RNAS Culdrose,167100,25300,Ministry of Defence,780.2148464,Micro
Middlewich,370960,365840,BIP Organics Ltd,778.6363636,Micro
Sonoco Board CHP,406900,419000,Total Solutions For Industry (Power Resources 1) Ltd,772.5270218,Micro
Penderyn Plant,295220,209064,Hanson Quarry Products Europe Ltd,772.3438855,Micro
University Hospital Aintree,338000,397300,Aintree Hospitals NHS Trust,756.03675,Micro
Carnforth Compressor Station,351870,467560,National Grid Gas Plc,740.1182973,Micro
Princess of Wales Hospital,291100,181100,Bro Morgannwg NHS Trust,739.9876982,Micro
Agecroft Asphalt,380581,400989,Tarmac Trading Ltd,739.9557955,Micro
Brompton Barracks,576400,169000,Ministry of Defence,739.9106874,Micro
Worcestershire Royal and Newtown Hospital,387700,254700,Lend Lease Facilities & Estate Management,734,Micro
Dudley Site,393010,288320,Acenta Steel Ltd,733.2337975,Micro
Pant Asphalt,320130,370340,Lafarge Tarmac Trading Ltd,731.3419118,Micro
Epsom General Hospital,520300,159900,Epsom & St Helier University Hospitals NHS Trust,731,Micro
Bromley Princess Royal Hospital,543300,164940,SSE Generation Ltd,720.8223709,Micro
Haughmond Hill Asphalt,353700,314800,Aggregate Industries UK Ltd,716.7867055,Micro
Manchester,384200,397200,Manchester Metropolitan University,713.8774857,Micro
"Aber-Arad, Newcastle Emlyn",231530,240162,The Creamery,705.993,Micro
River Don,438200,390100,Sheffield Forgemasters Engineering Ltd,688.6752082,Micro
Coleraine,101977,593953,University of Ulster,682.9864091,Micro
Parkstone Asphalt,403800,93800,Lafarge Tarmac Trading Ltd,675.5311909,Micro
Glen Ord Distillery and Maltings,251700,850800,Diageo Scotland Ltd,670.9505455,Micro
Saltend Chemicals Park,516042,427832,Saltend Chemicals Park Ltd,669.2245555,Micro
Tangmere Nursery,491200,106520,Tangmere Produce Ltd,667.788,Micro
Crossness STW,548200,180700,Thames Water Utilities Ltd,667.2019882,Micro
Wickwar Asphalt,371659,189893,Breedon Southern Ltd,666.1034018,Micro
Milton Keynes,488910,237030,The Open University,657.432931,Micro
Bristol Energy,360000,180000,Rolls-Royce Power Development Ltd,654.2488527,Micro
Grimsby Power Station,525651,411242,RWE Generation UK plc,653.2391564,Micro
Chichester Food Factory,485410,104240,Babynov Chichester Ltd,652.9090909,Micro
Ellesmere Port Boiler House,339367,378256,Saica Pack UK Ltd,651.4808618,Micro
Ardingly,534039,127690,Hanson Quarry Products Europe Ltd,641.5377464,Micro
HMS Collingwood,457200,104100,Ministry of Defence,638.8333636,Micro
Addenbrookes Hospital Incinerator,546540,255140,Cambridge University Hospital NHS Trust,637.7822856,Micro
Leicester,458300,303800,De Montfort University Higher Education Corporation,634.7589264,Micro
Chryston Asphalt Plant,268892,671094,Aggregate Industries UK Ltd,627.7861364,Micro
Shirebrook Energy Park,452800,366700,Alkane Energy UK Ltd,626.6210318,Micro
London,533089,180904,20 Fenchurch Street Ltd Partnership,621.61305,Micro
Isleworth,516226,177804,British Sky Broadcasting Group plc,620.2515245,Micro
Leinthall Quarry,344246,267827,Breedon Aggregates England Ltd,618.7313455,Micro
The 100 Bishopsgate Partnership,533209,181388,Brookfield Properties (UK PM) Ltd,617.5918636,Micro
Stansted Airport,555700,223700,Stansted Airport Ltd,613.1155282,Micro
Levenmouth WWTW,336000,699570,Caledonian Environmental Levenmouth Treatment Services Ltd,605.6337273,Micro
Washwood Heath Asphalt,411112,289732,Tarmac Trading Ltd,602.4105355,Micro
Hafod Quarry,322200,196400,Lafarge Aggregates Ltd,597.8566364,Micro
Clitheroe Asphalt,374700,443100,Lafarge Tarmac Trading Ltd,588.5454545,Micro
Northfleet,561646,174938,North Kent Roadstone Ltd,586.0420009,Micro
"Spectrum Business Park, Wrexham",338067,349310,Cott Beverages,583.5654545,Micro
Deeside Industrial Park,331790,371520,Farmers Boy (Deeside) Ltd,581.3659091,Micro
Mancetter Asphalt,431000,295700,Lafarge Tarmac Trading Ltd,574.1765836,Micro
Llanybydder,252680,244410,Dunbia (Wales) Ltd,561.4767404,Micro
Livingston,367600,604700,St John's Hospital,561.1284545,Micro
Watson Street Power Station,351100,394500,UK Power Reserve Ltd,558.3637064,Micro
Forest Wood Asphalt,301917,179826,Breedon Southern Ltd,553.9233491,Micro
Sawley,379820,447160,Rose County Foods Ltd,553.5,Micro
Tullos Test Facility,387408,813149,RWG (Repair & Overhauls) Ltd,552.5905664,Micro
Moorcroft Asphalt,252064,53872,Aggregate Industries UK Ltd,552.0448718,Micro
Stevenage,523570,223470,Glaxosmithkline Research & Development Ltd,538.3838855,Micro
Hornsea Storage Installation,517800,451400,SSE Hornsea Ltd,538.0909091,Micro
Cradley Heath Brickworks,394800,285300,Cradley Special Brick Co Ltd,534.4018078,Micro
RAF High Wycombe,483200,198700,Ministry of Defence,524.7771027,Micro
"Wilmore Road, Derby",435840,331980,Rolls-Royce Plc,512.5957255,Micro
Wrexham,338900,350800,Kellogg Co of Great Britain Ltd,508.4030591,Micro
Balby-B,457947,401053,Walker & Son (Hauliers) Ltd,507.3057682,Micro
Earls Gate Energy Centre,291678,681406,Earls Gate Energy Centre Ltd,502.8801682,Micro
Battersea Power Station,528795,177580,ENGIE Urban Energy Ltd,497.4377482,Micro
Tendley Quarry,309000,528600,Tendley Quarries Ltd,489.0891627,Micro
Baltic Works,338969,730109,Halley Stevensons Ltd,487.7533636,Micro
Poole Hospital,401990,91390,Poole Hospital NHS Trust,482.1817072,Micro
Knitting Wife Beck Power Station,455206,520986,KWB Power Ltd,477.5882455,Micro
Caldon Low Asphalt,407400,349000,Lafarge Tarmac Trading Ltd,476.5554545,Micro
Wishaw,278200,655000,Wishaw General Hospital,475,Micro
Tranmere Oil Terminal,333160,387100,Essar Oil UK Ltd,473.4545455,Micro
"Media Village Primary Plant, Shepherd's Bush",523200,180900,Interserve (Facilities Management) Ltd,466.3702145,Micro
Cheshire Power Station,339061,378393,RWE Generation UK plc,465.2252155,Micro
London,533400,181800,Allen & Overy LLP,460.9456009,Micro
Broadcasting House,528900,181600,Interserve (Facilities Management) Ltd,460.84545,Micro
Harlow Asphalt,547050,212220,Lafarge Tarmac Trading Ltd,460.7603727,Micro
Titan Works,561240,178510,Industrial Chemicals Ltd,431.7272727,Micro
Cononish Gold Mine Tyndrum,229131,728622,Scotgold Resources Limited,431.553,Micro
Shawbury,355700,321800,RAF,421.9090909,Micro
King Edward Buildings,532008,181428,Bank of America Merrill Lynch International Designated Activity Co,421.5811636,Micro
Coopers Bank,391390,290300,GDC Group Ltd,414.7910591,Micro
Peak Gen Exeter,293104,89692,Peak Gen Power 14 Ltd,410.0396182,Micro
London,529500,182200,University College London,408.5921727,Micro
William Harvey Hospital Steam Boilers and Generators,604090,142068,2gether Support Solutions Ltd,406.7690482,Micro
Richmond,518385,177440,Royal Botanic Gardens Kew,406.6090909,Micro
Porthleven,392000,797100,McIntosh Donald Ltd,403.596,Micro
Wilton Energy Centre,457000,522300,ENGIE FM Ltd,400.0104545,Micro
Frenchay,362350,178100,The University of the West of England Bristol,397.5149042,Micro
Aston Mill,361190,346800,Oakes Millers Ltd,395.2538182,Micro
Peterborough,521310,298610,Meadow Foods Ltd,394.9876364,Micro
Nottingham,457840,339450,Enviroenergy Ltd,382.4125473,Micro
Discovery Park,633292,159603,Discovery Park Management Ltd,382.1891155,Micro
Wrexham,338600,349750,Eurocare Environmental Services Ltd,378.3973168,Micro
Torcoed Asphalt,249492,214492,Lafarge Tarmac Trading Ltd,376.5447136,Micro
East Coast Viners Grain,379605,781270,East Coast Viners Grain LLP,356.6157273,Micro
Woodland Mill,411170,416440,Wooltex UK Ltd,345.8574545,Micro
Swanwick,450400,109800,NATS (EnRoute) Plc,331.9803355,Micro
"1 Churchill Place, Canary Wharf",537910,180300,Barclays Head Office,329.6097409,Micro
Sheffield,440568,389690,Aggregate Industries UK Ltd,329.1840245,Micro
Peterhead,411121,844505,Total Waste Management Alliance Plc,327.2727273,Micro
Rhymney,310600,208300,Convatec Ltd,325.4974636,Micro
London,537900,180340,Barclays Facilities Management,315.1578573,Micro
1-5 Bank Street,537218,180125,Canary Wharf Group Plc,307.9113655,Micro
Welwyn Garden City,524500,212900,British Lead Mills Ltd,302.7272727,Micro
5 Broadgate Circle,533068,181805,UBS AG,302.0018591,Micro
Goodmayes & King George Hospitals,546620,188740,"Barking, Havering & Redbridge Hospitals NHS Trust",298.1176309,Micro
Pateley Bridge,411629,464258,Hanson Quarry Products Europe Ltd,297.5139655,Micro
Exeter,296020,93010,Met Office,289.9754813,Micro
Melbur Asphalt,191559,56192,Aggregate Industries UK Ltd,289.8083155,Micro
West Bromwich,398660,291830,Robinson Brothers Ltd,289.1397032,Micro
Deephams STW,535600,193700,Thames Water Utilities Ltd,285.2825127,Micro
Aylesbury Compressor Station,471500,218590,National Grid Gas Plc,282.3743809,Micro
East Leake Gypsum Works,455503,328085,BPB United Kingdom Ltd,273.5617745,Micro
Swansea,267841,198134,Morganite Electrical Carbon Ltd,267.1745455,Micro
Livingston,307029,665639,Valneva Scotland Limited,266.085,Micro
Milford Haven,188600,208700,Murco Petroleum Ltd,259.9090909,Micro
Mogden STW,515249,175117,Thames Water Utilities Ltd,257.4781145,Micro
Margam,279070,186190,Western Bioenergy Ltd,257.1818182,Micro
South Shian,190700,741700,Scottish Sea Farms Ltd,256.9772727,Micro
Robertsbridge Gypsum Works,572400,119700,BPB United Kingdom Ltd,256.8438573,Micro
New Haw,504990,162680,DEFRA,256.7067662,Micro
MediaCity Salford,380090,397400,Interserve (Facilities Management) Ltd,250.4745627,Micro
Sheffield District Heating Scheme - Bernard Road,436770,387900,Veolia ES Sheffield Ltd,245.86341,Micro
Runcorn,351280,381110,Mexichem UK Ltd,244.9090909,Micro
"TVC Primary Energy Plant, Shepherd's Bush",523192,180513,Interserve (Facilities Management) Ltd,242.7253991,Micro
East Kilbride,260700,654100,Hairmyres Hospital,235.2617431,Micro
Burnley,385910,434070,Hycrome Europe Ltd,224.16,Micro
Mersey Valley Sludge Processing Centre,353496,386111,United Utilities Water plc,220.9276364,Micro
Longreach STW,555100,176500,Thames Water Utilities Ltd,218.9248145,Micro
25 Cabot Square,537261,180281,25 CABOT SQUARE S.A.R.L,217.6791955,Micro
"Thermal Plant, Kilbarchan Rd, Bridge of Weir",239326,664533,SLG Technology Ltd,211.1914463,Micro
Cowdenbeath,318632,689985,Shell UK Ltd,210.9378709,Micro
"Vauxhall Industrial Estate, Ruabon, Wrexham",330500,345601,Morgan Technical Ceramics,205.0630909,Micro
Peak Gen Bracknell,485648,171136,Peak Gen Power 11 Ltd,204.2991791,Micro
Darent Power,633428,159463,Kent Renewable Energy Ltd,203.8917273,Micro
Tipton,398190,292980,Ervin Amasteel,203.8334738,Micro
Sheepbridge,437230,374570,GKN Sheepbridge Stokes Ltd,201.2170246,Micro
Dinnington Site A,451906,386502,Walker & Son (Hauliers) Ltd,200.0313464,Micro
Fareham,452389,108364,Peakgen Power 13 Ltd,199.6467927,Micro
Sheffield District Heating Scheme - Applied Science,434820,387420,Veolia ES Sheffield Ltd,196.3555091,Micro
Clydebridge Works,263681,661076,Liberty Steel Clydebridge Ltd,192.70839,Micro
Havant,470717,105740,Peak Gen Power 18 Ltd,190.44456,Micro
Porton Down,420470,136750,DSTL,187.5500778,Micro
Tees Valley Nursery Energy Centre,447954,523452,APS Growers Ltd,187.5005455,Micro
Oldbury,399800,288810,BIP (Oldbury) Ltd,170.7549436,Micro
Grafham WWTW,515547,266617,Anglian Water Services Ltd,170.1844718,Micro
Banbridge,123118,502597,Lakeland Dairies (NI) Ltd,166.3486418,Micro
Flamborough Maltings,519700,470100,Muntons Plc,160.2115114,Micro
Atlas Brickworks,404850,301250,Ibstock Brick Ltd,159.4806545,Micro
10 Upper Bank Street,537737,180048,Clifford Chance LLP,157.3330391,Micro
Rainford,348900,399310,Unifrax Ltd,156.4676708,Micro
Barry,314616,168928,Peakgen Power 6 Ltd,136.9198691,Micro
IBM Warwick,426700,265700,Johnson Controls Ltd,136.7517136,Micro
Wymington,496400,263500,Ancillary Components Ltd,136.3636364,Micro
Gloucester,388700,216300,Invista Textiles (UK) Ltd,131.4147273,Micro
Shotts,288002,659821,Davidson Brothers (Shotts) Ltd,128.1818182,Micro
Burton Plant,424260,323100,Creative Foods Europe Ltd,125.1542727,Micro
Birmingham Coating Plant,410010,288970,CEMEX UK Operations Ltd,124.1095282,Micro
Bracknell,485540,169230,Daler-Rowney  Ltd,122.9135455,Micro
Stone Data Centre,390967,331968,NatWest Group plc,119.83608,Micro
Scunthorpe COG Flaring,491770,410820,British Steel Ltd,118.9285866,Micro
Llandarcy,271938,196106,Peak Gen Power 5 Ltd,115.1148927,Micro
Longport Enterprise Centre,385910,349470,Sharpsmart Ltd,114.1636364,Micro
West Thurrock,559000,177300,Industrial Chemicals Ltd,110.4804982,Micro
Slyfield Industrial Estate,499790,152280,Anglo Beef Processors Ltd,109.98,Micro
1AL Backup Generators,532700,180700,Nomura International plc,108.0603327,Micro
Gloucester,386350,218360,Barclays Facilities Managerment,107.6695091,Micro
Runcorn,350544,382824,Hanson Quarry Products Europe Ltd,104.9816073,Micro
"LD5 Generator System, Slough",495205,181250,Equinix (UK) Ltd,103.182,Micro
Basildon,572235,190417,Imperium Centre Ltd,102.3147464,Micro
Kingston,490280,238590,Goldschmidt UK Ltd,101.0727273,Micro
Wooler Compressor Station,394530,631990,National Grid Gas Plc,100.1610955,Micro
Appleford,451339,193674,Hanson Quarry Products Europe Ltd,99.01778182,Micro
Hemel Hempstead,507962,208224,Gyron Internet Ltd,97.46383909,Micro
Dinnington Site B,451906,386502,Robin Hood Airport Developments Ltd,97.14132818,Micro
Barrasford Asphalt,390900,574200,Lafarge Tarmac Trading Ltd,93.71124273,Micro
"Dales Voe Decommissioning Facility, Shetland",445798,1145604,Veolia ES UK Limited,93.28058182,Micro
Morayhill,275045,849103,Norbord Europe Ltd,92.20248545,Micro
"LGW14 Backup Generators, Woking",498690,159329,Digital Realty (UK) Ltd,91.90792636,Micro
Llantrisant,305600,181730,Maxibrite Ltd,89.96181818,Micro
North Shields,433090,568840,Formica Ltd,89.72727273,Micro
Macmerry Data Centre,343814,672798,NatWest Group plc,89.61287182,Micro
Bulmer Sudbury,583200,238000,Bulmer Brick & Tile Co Ltd,89.27272727,Micro
Thomson Reuters DTC,538655,180578,Telehouse International Corporation of Europe Ltd,88.67505818,Micro
Ryemeads STW,539200,210300,Thames Water Utilities Ltd,86.76570273,Micro
St. Helier Hospital,526500,166100,Epsom & St Helier University Hospitals NHS Trust,86.44026545,Micro
Croydon Data Centre - Standby Generators,529947,166410,Morgan Stanley UK Group,85.05595364,Micro
Glasgow,260500,665050,Tennent Caledonian Breweries,84.26269636,Micro
Woodston,517952,296931,Peak Gen Power 2 Ltd,81.49344545,Micro
20 Bank Street - Standby Generators,537375,180081,Morgan Stanley UK Group,76.72860818,Micro
"LD6 Generator System, Slough",495625,181206,Equinix (UK) Ltd,70.44532909,Micro
Stanlow Manufacturing Complex,344190,375060,Essar Oil UK Ltd,70.16189454,Micro
"Harbro Ltd, Tore Mill, Harbour Road, Invernes",267365,845860,HARBRO LIMITED,68.58545455,Micro
Iron Mountain Slough Data Centre,494903,181762,Iron Mountain (UK) Data Centre Ltd,66.61726909,Micro
Melville Gate Data Centre,332173,667325,NatWest Group plc,64.86960818,Micro
Telehouse London,538784,181130,Telehouse International Corporation of Europe Ltd,63.21281727,Micro
Locher Works,239430,664579,N C T Leather Ltd,63.11654771,Micro
"Felnex Industrial Estate, Newport, Newport",332159,185814,"Hydrodec (UK) Limited, Newport Oil Treatment Plant ZP3334AQ",62.64,Micro
BT Tower,529200,181800,BT Plc,61.06579909,Micro
Stevenage Data Centre,522734,224290,Fujitsu Services Ltd,59.94240545,Micro
Wisbech Compressor Station,546180,316120,National Grid Gas Plc,59.85326455,Micro
Thurrock Data Centre,557679,177926,Fujitsu Services Ltd,58.11149182,Micro
Horizon Centre,491800,292100,Lloyds Banking Group plc,55.63098,Micro
LD9 Generator System,520971,182728,Equinix (UK) Ltd,54.97864909,Micro
Stowmarket A,606332,256917,Precise Energy Ltd,54.7404,Micro
Stowmarket B,606332,256917,Valence Power Ltd,54.6795,Micro
Saltend Bioethanol Plant,516265,428187,Vivergo Fuels Ltd,53.82872727,Micro
LON1 Data Centre,550897,185371,NTT Global Data Centers EMEA UK Ltd,53.08827,Micro
Huntington Sewage Works,342000,363700,United Utilities Water Plc,51.147,Micro
NOVA Victoria,528977,179228,Victoria Circle Ltd Partnership,50.9496,Micro
Citigroup Centre,537628,180209,CIB Properties Ltd,46.80717818,Micro
Wm Nicol (Aberdeen) Limited,390363,797885,William Nicol (Aberdeen) Limited,46.50272727,Micro
Welwyn Garden City,525354,212819,Colt Data Centre Services UK Ltd,45.98830364,Micro
"LHR14 Backup Generators, Watford",508913,195083,Digital Realty (UK) Ltd,44.72187,Micro
Heathrow Data Centre - Standby Generators,511337,175616,Morgan Stanley UK Group,44.19479182,Micro
LD7 Generator System,494857,181627,Equinix (UK) Ltd,44.08783909,Micro
Highcraig Quarry,243000,661500,Tarmac Ltd,43.92818182,Micro
"LGW13 Backup Generators, Crowdon",529734,166697,Digital Realty (UK) Ltd,41.69326909,Micro
Greenford,465000,105000,IBM,41.45454545,Micro
London,538466,181020,Global Switch Ltd,39.98599364,Micro
Northolt Data Centre,513590,184190,Barclays Capital Services Ltd,38.09378182,Micro
LGW15 -Back up Generators,527552,137977,Digital Crawley 1 SARL,37.73214545,Micro
Brogborough Landfill,497066,239966,Infinis Alternative Energies Ltd,37.1886,Micro
"25 Bank Street, Canary Wharf",537500,180100,J P Morgan Chase Bank,35.43489545,Micro
Romford North,550524,189490,ISDC Developments (No2) Ltd,35.10667636,Micro
Redditch,403470,268430,First Energy (Redditch) Ltd,33.96703909,Micro
Deeside,333270,367530,J Reid Trading Ltd,33.49989876,Micro
Stoke-On-Trent,389390,343920,Prince Minerals Ltd,33.36545455,Micro
Baynard House,531850,180950,BT Plc,32.94530182,Micro
West Drayton,507172,180132,Virtus LONDON 5 Ltd,32.50575545,Micro
Choats Road Organic Waste Treatment Facility,548220,182566,East London Biogas Op Co Ltd,30.79090909,Micro
LD10 (Generator System),495567,181087,Equinix (UK) Ltd,29.16100909,Micro
Winnersh - LO6,477839,171730,Cyxtera Technology UK Ltd,29.13440455,Micro
Hemel Hempstead,507577,208506,Gyron Internet Ltd,28.82083909,Micro
Ebbw Vale,315300,210450,Continental Teves UK Ltd,28.8,Micro
Powergate Business Park,520940,182680,Colt Data Centre Services UK Ltd,28.74256909,Micro
Slough,495604,181142,Virtus Holdco Ltd,26.29911273,Micro
Chelmsford Compressor Station,566110,208350,National Grid Gas Plc,26.10516545,Micro
Slough - LO1 & LO5,496011,180639,Cyxtera Technology UK Ltd,25.89773727,Micro
IBM North Harbour,465000,105000,Johnson Controls Ltd,25.76905091,Micro
LD11 Data Centre,494608,181343,Equinix (UK) Ltd,23.79262364,Micro
Machen,322118,188641,Hanson Quarry Products Europe Ltd,23.45781,Micro
Reigate Computer Centre,523500,150700,BT Plc,23.27357727,Micro
Interxion London Campus,533827,181923,Interxion Carrier Hotel Ltd,22.74586636,Micro
Torrington,249245,119452,Dartington,22.3525244,Micro
OTDC Basingstoke,463600,150296,J P Morgan Chase Bank,21.79647,Micro
Dungannon,93267,521415,Moy Park Ltd,21.55864091,Micro
"LGW10 Backup Generators, Redhill",528713,151459,Digital Realty (UK) Ltd,20.49480818,Micro
LD8 Data Centre,537912,179636,Equinix (UK) Ltd,19.78899273,Micro
Rhymney,310610,208342,Convatec Ltd,19.30852364,Micro
Harmondsworth Computer Centre,505450,177350,BT Plc,19.27113273,Micro
East Grinstead,537293,139207,Goldman Sachs International,18.05941636,Micro
Hounslow,511611,175512,Sungard Availability Services (UK) Ltd,17.97061909,Micro
London 7 Data Centre,507343,180028,Virtus London 7 Ltd,17.96138455,Micro
Warrington Compressor Station,368160,390230,National Grid Gas Plc,17.7843,Micro
Santander Data Centre,453688,298683,Santander UK plc,15.86398364,Micro
London 6,507322,180110,Virtus London 6 Ltd,15.60636,Micro
LON3 Backup Generators,495914,181027,Rackspace Ltd,15.33897,Micro
Wakefield,432476,418856,UK Power Reserve Ltd,14.86395,Micro
"LD4 Generator System, Slough",495205,181250,Equinix (UK) Ltd,14.84655,Micro
Cody Park,484039,154314,Ark Data Centres Ltd,14.0505,Micro
"20 Canada Square, Canary Wharf",537800,180200,Brookfield Office Property Management Ltd,13.91164364,Micro
Swindon Data Centre,410900,184400,Vodafone Ltd,13.137,Micro
20 Canada Square Generators,537757,180191,BNP Paribas Real Estate Advisory & Property Management UK Ltd,12.74103545,Micro
Hayes,510614,178665,Virtus Hayes Ltd,12.40734818,Micro
Cardiff IDC,317650,173150,BT Plc,12.26630182,Micro
"40 Bank Street, Canary Wharf",537568,180041,Canary Wharf Group plc,12.25394182,Micro
Spring Park,384924,168897,Ark Data Centres Ltd,12.2409,Micro
Slough,496180,180630,Barclays Bank Plc,11.64433091,Micro
Winnington,365310,374000,Tata Chemicals Europe Ltd,10.97811545,Micro
LGW16 - Back up Generators,527636,138225,Digital Crawley 2 Sarl,10.87264909,Micro
Kemsley Paper Mill,591700,166100,DS Smith Paper Ltd,9.511887273,Micro
LHR13 - Back Up Generators,519052,164629,Digital Reality (UK) Ltd,9.472690909,Micro
Wakefield Bakery,439070,424790,Warburtons Ltd,9.081818182,Micro
"5 North Colonnade, Canary Wharf",537380,180390,Barclays Capital Services Ltd,9.080116364,Micro
Warrington,360006,386215,Perstorp UK Ltd,8.933710909,Micro
MAN3 Generator System,380624,396842,Equinix (UK) Ltd,8.246817273,Micro
Dundee,335200,731900,Rockwell Solutions Ltd,8.209090909,Micro
Sovereign House,538147,179752,Digital London Ltd,8.091733636,Micro
Waunarlwydd Works,260300,196000,Aleris Recycling (Swansea) Ltd,8.011636364,Micro
Zenium - London One,495567,181087,Zenium UK Ltd,7.847828182,Micro
Dundee,341896,730838,D C Thomson & Co Ltd,7.472727273,Micro
Hayes Data Centre,509680,179585,UBS Business Solutions AG,7.429546364,Micro
Whitehall,529792,180162,ENGIE FM Ltd,6.68856,Micro
Park Royal Data Centre,519862,182415,Vodafone Ltd,6.543654545,Micro
RAF Fylingdales,486330,496750,Ministry of Defence,6.269656364,Micro
"RDC1/RDC2, Bournemouth",410270,91988,J P Morgan Chase Bank,6.144859091,Micro
Zenium - London Two,507936,179345,Zenium UK2 Ltd,5.853177273,Micro
"10 South Colonnade, Canary Wharf",537374,180252,Barclays Capital Services Ltd,5.758090909,Micro
Harlesden,520660,183320,United Biscuits UK Ltd,5.695363636,Micro
Alyn Works,323330,364790,TS Resins Ltd,5.666727273,Micro
Broxbourne,537969,206703,Nazeing Glassworks Ltd,5.588131101,Micro
Yorktown Business Park Computer Centre,486081,160087,Bank of America Merrill Lynch International Designated Activity Co,5.481,Micro
Bletchely Computer Centre,487450,234150,BT Plc,4.9938,Micro
London,531853,182772,Level 3 Communications UK Ltd,4.658326364,Micro
"LHR10 Backup Generators, High Wycombe",484733,191967,Digital Realty (UK) Ltd,4.524730909,Micro
London,532796,182310,Digital London Ltd,3.026798182,Micro
Crieff,285670,720550,Caithness Glass,2.23525244,Micro
Renishaw,445039,377861,Lafarge Aggregates Ltd,2.192664545,Micro
Blaenau Gwent,315020,212140,Yuasa Battery (UK) Ltd,2.165393455,Micro
London 9 Data Centre,495957,180958,Virtus London 9 Ltd,2.144874545,Micro
Jerusalem Farm,491586,370915,A Hughes and Son (Skellingthorpe) Ltd,1.855303636,Micro
Slough,495509,181590,CyrusOne UK3 Ltd,1.838023636,Micro
Lostock Soda Ash Manufacture,368657,374637,Tata Chemicals Europe Ltd,1.576055455,Micro
London 10,495795,181172,Virtus London 10 Ltd,1.402729091,Micro
Billingham,444341,526581,Entserv UK Ltd,1.174827273,Micro
Ulverston,329697,478704,Cumbria,1.11762622,Micro
Ashbourne,418104,346615,Derwent,1.11762622,Micro
Maidstone,577736,156377,CSC Computer Sciences Ltd,0.860530909,Micro
HH4 Data Center,508273,208069,NTT Global Data Centers EMEA UK Ltd,0.84477,Micro
Moffat Compressor Station,308610,599310,National Grid Gas Plc,0.832120909,Micro
Doxford Park,436521,552107,Entserv UK Ltd,0.624973636,Micro
Peterlee,442500,542200,Walkers Snack Foods Ltd,0.619090909,Micro
Sevenoaks,550308,158991,CSC Computer Sciences Ltd,0.553925455,Micro
